0000                    	.org	000h
0000                    	.include "1802.inc"               ; Include the R0-R15 definitions
      = 0000            r0      = 0
      = 0001            r1      = 1
      = 0002            r2      = 2
      = 0003            r3      = 3
      = 0004            r4      = 4
      = 0005            r5      = 5
      = 0006            r6      = 6
      = 0007            r7      = 7
      = 0008            r8      = 8
      = 0009            r9      = 9
      = 000A            ra      = 10
      = 000B            rb      = 11
      = 000C            rc      = 12
      = 000D            rd      = 13
      = 000E            re      = 14
      = 000F            rf      = 15

      = 0800            RAM  = 0800h                              ; System/Data memory page
      = 08BF            RAMStack = RAM+BFh                        ; Initial stack value

0000                    Reset:
0000  90                	        ghi r0               ; Clear accumulator (D=0 on reset)
0001  B1                	        phi r1               ; R1.High = Interrupt
0002  F8 08             	        ldi RAM / 256        ; D = System Memory Page
0004  B2                	        phi r2               ; R2.High = Stack Base
0005  F8 14             	        ldi VideoInt & 255   ; R1.Low = Interrupt Routine
0007  A1                	        plo r1               ;
0008  F8 BF             	        ldi RAMStack & 255   ; R2.Low = Stack Base
000A  A2                	        plo r2               ;
000B  F8 04             		ldi colourInit / 256 ; R3.High = the colour page first
000D  B3                	        phi r3               ;
000E  F8 00             	        ldi colourInit & 255 ; R3.Low
0010  A3                	        plo r3               ;
0011  D3                		sep r3       ; Go to start
0012                    _return:
0012  72                		ldxa
0013  70                		ret
0014                    VideoInt:
0014  22                		dec r2
0015  78                		sav
0016  22                		dec r2
0017  52                		str r2
0018  C4                		nop
0019  C4                		nop
001A  C4                		nop
001B  F8 00             		ldi 00
001D  B0                		phi r0
001E  F8 00             		ldi 00
0020  A0                		plo r0
0021  80                _loop:		glo r0
0022  E2                		sex r2
0023  E2                		sex r2
0024  20                		dec r0
0025  A0                		plo r0
0026  E2                		sex r2
0027  20                		dec r0
0028  A0                		plo r0
0029  E2                		sex r2
002A  20                		dec r0
002B  A0                		plo r0
002C  3C 21             		bn1 _loop
002E  30 12             		br _return



      = 001B            MAX_SEGMENT_Y = 27	;up to 31
      = 0017            MAX_SPEED = 23 ;230
      = 0005            TIMER_START_LO = 5
      = 0006            TIMER_START_HI = 6
      = 0006            START_BEEP_FRAMES = 6
      = 000C            FINAL_BEEP_FRAMES = 12
      = 0001            ROAD_BEEP_TICKS = 1
      = 0006            ROAD_BEEP_GAP_TICKS = 6
      = 00E1            TONE_B4 = 0xE1
      = 0070            TONE_B5 = 0x70
      = 0011            START_PERSPECTIVE_Y = 17
      = 0065            LIGHT_POSITION_Y = 101 ;lower byte
      = 0008            WHEEL_LIMIT = 8 ;-8..8
      = 0004            WHEEL_LIMIT_SPEEDUP = 4
      = 003F            CAR_X_LIMIT = 63 ;-63..63
      = 0007            SPEED_SKID_START = 7
      = 0037            ROAD_LIMIT = 55	;-55..55
      = 000B            MAX_SPEED_ROADSIDE = 11	;(110)
      = 0004            DEC_SPEED_ROADSIDE = 4


      = 0002            rDataPointer = 2
      = 0003            r3Buf = 3
      = 0004            r4buf = 4
      = 0005            r5Buf = 5

      = 0006            rLoTimer = 6
      = 0006            rHiCounter = 6
      = 0007            rScreenYAdr = 7
      = 0008            rHiCarX = 8
      = 0008            rLoWheel = 8
      = 0009            rLoDxCorr = 9
      = 0009            rHiDeltaX = 9
      = 000A            rRoadSectorAdr = 10
      = 000B            rMarksWidthY = 11
      = 000C            rHiSpeed = 12
      = 000C            rloSpeedCounter = 12
      = 000D            rBeepTimer = 13
      = 000E            rTonePointer = 14
      = 000F            rGlobalState = 15

      = 0033            mRoadSize = 51
      = 0034            mRoadStartAdr = 52
      = 0035            mPerspectiveY = 53
                        ;54-56 used
      = 0039            mData = 57

                         ; RAM+$00..$27 is the live road-curve work area.  Do not place persistent
                        ; HUD graphics here while a race is active.
                        ;mTopText remains defined only as terminal scratch; displayRefresh uses ROM.
      = 0800            mTopText = RAM+0

                        ; Exact cumulative elapsed whole seconds, kept separate from the visible TIME
                        ; cells so the inter-road lap overlay can reuse those cells without losing state.
                        ; Tenths come directly from the same R6 phase used by LEFT.
      = 0028            mElapsedHiddenHi = 40
      = 0029            mElapsedHiddenMid = 41
      = 002A            mElapsedHiddenLow = 42
      = 002B            mRoadStartSeconds = 43
      = 002C            mRoadStartTenth = 44
      = 002D            mRoadNumber = 45

      = 003A            mSpeedHi = 58
      = 003C            mSpeedLo = 60
      = 003D            mSpeedSpace = 61
                        ; LEFT display cells: SS.T
      = 003E            mLeftHi = 62
      = 003F            mLeftLow = 63
      = 0040            mLeftDot = 64
      = 0041            mLeftTenth = 65
                        ; TIME display cells: _SSS.T
      = 0042            mElapsedBlank = 66
      = 0043            mElapsedSecHi = 67
      = 0044            mElapsedSecMid = 68
      = 0045            mElapsedSecLow = 69
      = 0046            mElapsedDot = 70
      = 0047            mElapsedTenth = 71
      = 0048            mElapsedFrac = 72		; exact 0..5 active-frame remainder within the displayed tenth

                        ; Saved subsecond phase for a completed road.
      = 004A            mRacePhase = 74
      = 004B            mRacePhaseValid = 75
                        ; Hidden whole-second LEFT state.
      = 004C            mTimerSecHi = 76
      = 004D            mTimerSecLow = 77
                        ; Dedicated completed-lap storage.  Keep lap results completely separate from
                        ; the live TIME display.
      = 004E            mLapTens = 78
      = 004F            mLapOnes = 79
      = 0050            mLapTenth = 80

      = 0858            mBtmDigits = RAM+88
      = 0880            mBtmHorizonStart = RAM+128
      = 08FF            mBtmHorizonEnd = RAM+255

0030                    		.org $30
                        ; Active light-frame LEFT formatter. R6.0 has already been normalized by
                        ; updateTimerBtm, so the hidden seconds and phase describe the same instant.
0030                    formatLeftHud:
0030  86                		glo rLoTimer
0031  FA 3F             		ani $3F
0033  FC C0             		adi <phaseTenthTable
0035  A5                		plo r5Buf
0036  F8 0E             		ldi >phaseTenthTable
0038  B5                		phi r5Buf
0039  05                		ldn r5Buf			; displayed elapsed tenth q
003A  A5                		plo r5Buf
003B  F8 41             		ldi <mLeftTenth
003D  A2                		plo rDataPointer
003E  85                		glo r5Buf
003F  32 5E             		bz formatLeftWhole
0041  FD 0A             		sdi 10
0043  52                		str rDataPointer
0044  F8 4D             		ldi <mTimerSecLow
0046  A2                		plo rDataPointer
0047  02                		ldn rDataPointer
0048  32 52             		bz formatLeftBorrow
004A  FF 01             		smi 1
004C  A4                		plo r4buf
004D  22                		dec rDataPointer
004E  02                		ldn rDataPointer
004F  B4                		phi r4buf
0050  30 68             		br formatLeftStore
0052                    formatLeftBorrow:
0052  22                		dec rDataPointer
0053  02                		ldn rDataPointer
0054  32 5E             		bz formatLeftWhole
0056  FF 01             		smi 1
0058  B4                		phi r4buf
0059  F8 09             		ldi 9
005B  A4                		plo r4buf
005C  30 68             		br formatLeftStore
005E                    formatLeftWhole:
005E  F8 00             		ldi 0
0060  52                		str rDataPointer
0061  F8 4C             		ldi <mTimerSecHi
0063  A2                		plo rDataPointer
                        		; Keep the packed formatter at the same size.  Whole-tenth handling,
                        		; including the exact 00.0 terminal check, lives in the safe $04xx gap.
0064  C0 04B8           		lbr formatLeftWholeSafe
0067  C4                		nop
0068                    formatLeftStore:
0068  F8 3E             		ldi <mLeftHi
006A  A2                		plo rDataPointer
006B  94                		ghi r4buf
006C  52                		str rDataPointer
006D  12                		inc rDataPointer
006E  84                		glo r4buf
006F  52                		str rDataPointer
0070  C0 01CA           		lbr formatLeftHudReturn

                        ; One exact elapsed whole-second tick.  This replaces the former dead low-RAM
                        ; legend copier and runs only when LEFT crosses a whole-second boundary.
0073                    incrementElapsedSecond:
0073  F8 2A             		ldi <mElapsedHiddenLow
0075  A2                		plo rDataPointer
0076                    incrementElapsedDigit:
0076  02                		ldn rDataPointer
0077  FC 01             		adi 1
0079  FF 0A             		smi 10
007B  3B 83             		bnf incrementElapsedStore
007D  F8 00             		ldi 0
007F  52                		str rDataPointer
0080  22                		dec rDataPointer
0081  30 76             		br incrementElapsedDigit
0083                    incrementElapsedStore:
0083  FC 0A             		adi 10
0085  52                		str rDataPointer
0086  C0 0195           		lbr decrementLeftReturn

008C                    		.org $8C
                        ; Hidden whole-second countdown. The display cells are independent.
008C                    decrementLeftSecond:
008C  F8 4D             		ldi <mTimerSecLow
008E  A2                		plo rDataPointer
008F  02                		ldn rDataPointer
0090  3A A6             		bnz decrementLeftLow
0092  22                		dec rDataPointer
0093  02                		ldn rDataPointer
0094  3A 9C             		bnz decrementLeftBorrow
0096  F8 FF             		ldi 255
0098  AF                		plo rGlobalState
0099  C0 0464           		lbr setGameOverHud
009C                    decrementLeftBorrow:
009C  FF 01             		smi 1
009E  52                		str rDataPointer
009F  12                		inc rDataPointer
00A0  F8 09             		ldi 9
00A2  52                		str rDataPointer
00A3  C0 0073           		lbr incrementElapsedSecond
00A6                    decrementLeftLow:
00A6  FF 01             		smi 1
00A8  52                		str rDataPointer
00A9  C0 0073           		lbr incrementElapsedSecond

                        ; Initial numeric row and exact timer/budget state. Subsequent road transitions
                        ; preserve the lap row written by finishLapCapture instead of calling this.
00AC                    initHudData:
00AC  F8 4C             		ldi <mTimerSecHi
00AE  A2                		plo rDataPointer
00AF  F8 06             		ldi TIMER_START_HI
00B1  52                		str rDataPointer
00B2  12                		inc rDataPointer
00B3  F8 05             		ldi TIMER_START_LO
00B5  52                		str rDataPointer
00B6  F8 28             		ldi <mElapsedHiddenHi
00B8  A2                		plo rDataPointer
00B9  F8 00             		ldi 0
00BB  52                		str rDataPointer
00BC  12                		inc rDataPointer
00BD  52                		str rDataPointer
00BE  12                		inc rDataPointer
00BF  52                		str rDataPointer
00C0  F8 2D             		ldi <mRoadNumber
00C2  A2                		plo rDataPointer
00C3  F8 01             		ldi 1
00C5  52                		str rDataPointer

00C6  F8 00             		ldi >initialHudChars
00C8  B4                		phi r4buf
00C9  F8 DC             		ldi <initialHudChars
00CB  A4                		plo r4buf
00CC  F8 3A             		ldi <mSpeedHi
00CE  A2                		plo rDataPointer
00CF  F8 0E             		ldi 14
00D1  A5                		plo r5Buf
00D2                    initHudDataLoop:
00D2  44                		lda r4buf
00D3  52                		str rDataPointer
00D4  12                		inc rDataPointer
00D5  25                		dec r5Buf
00D6  85                		glo r5Buf
00D7  3A D2             		bnz initHudDataLoop
00D9  C0 02F9           		lbr waitVsync
00DC                    initialHudChars:
00DC  0000000A 06059A00 		.db 0,0,0,<chr_, 6,5,<chrDot,0, <chr_,0,0,0,<chrDot,0
00E4  0A000000 9A00

                        ; Inter-road lap result.  The completed lap never aliases TIME.  A small
                        ; helper writes NN.N into the existing LEFT numeric cells during the countdown;
                        ; active-race HUD updates naturally reclaim those four cells afterward.
00EA                    showLapHud:
00EA  C0 04CA           		lbr showLapHudSafe
00ED  C4                		nop
00EE  C4                		nop
00EF  C4                		nop
00F0  C4                		nop

0100                    	.org 100h
0100                    start:
0100  E2                		sex r2
0101  22                		dec r2
0102  69                		inp 1		; turns video on
0103  12                		inc r2
                        		;disable interrupt and set X = 2, P = 3
0104  E3                		sex r3
0105  71                		dis
0106  23                		.db  $23
                        		
0107  7A                		req ;sound off

0108  F8 08             		ldi >RAM
010A  B2                		phi rDataPointer
010B  B7                		phi rScreenYAdr

010C                    clearRam:
010C  F8 FF             		ldi <(RAM+255)
010E                    clearRamLoop:
010E  A2                		plo rDataPointer		;with faster loop real Studio not starting
010F  F8 00             		ldi 0
0111  73                		stxd
0112  82                		glo rDataPointer
0113  3A 0E             		bnz clearRamLoop

0115  C0 0118           		lbr initHudTextReturn
0118                    initHudTextReturn:
0118  B6                		phi rLoTimer		; = 0
0119  AD                		plo rBeepTimer		; no countdown beep active


011A  F8 0D             		ldi >marksWidthY
011C  BB                		phi rMarksWidthY
011D  F8 00             		ldi <marksWidthY
011F  AB                		plo rMarksWidthY

0120  F8 0D             		ldi >roadData1
0122  BA                		phi rRoadSectorAdr
0123  F8 AE             		ldi <roadData1
0125  AA                		plo rRoadSectorAdr

0126  F8 01             		ldi 1
0128  AF                		plo rGlobalState

0129  F8 00             		ldi <menuWaitVsync
012B  A1                		plo r1
012C  F8 0F             		ldi >menuWaitVsync
012E  B1                		phi r1
012F  D1                		sep r1


0130                    scanAccelKey:
0130  E1                		sex r1
0131  62                		out 2
0132  05                		.db 5
0133  F8 00             		ldi 0
0135  3F 3A             		bn4 notBreak
0137  9C                		ghi rHiSpeed
0138  F6                		shr
0139  F6                		shr
013A                    notBreak:
013A  FC 01             		adi 1
013C  A4                		plo r4buf

013D  E1                		sex r1
013E  62                		out 2
013F  02                		.db 2
0140  F8 3A             		ldi mSpeedHi
0142  A2                		plo rDataPointer
0143  E2                		sex rDataPointer

                        		;conver speed 0-200 to 0-20 to save in rSpeed hi
0144  02                		ldn rDataPointer
0145  FE                		shl 					;mul 10
0146  FE                		shl
0147  FE                		shl
0148  F4                		add
0149  F4                		add
014A  12                		inc rDataPointer
014B  F4                		add
014C  BC                		phi rHiSpeed
014D  12                		inc rDataPointer

014E  FF 0B             		smi MAX_SPEED_ROADSIDE
0150  3B 68             		bnf noNeedDecSpeed
                        		; if speed more MAX_SPEED_ROADSIDE
0152  98                		ghi rHiCarX
0153  FC 37             		adi ROAD_LIMIT
0155  FC 91             		adi 255-ROAD_LIMIT*2
0157  3B 5D             		bnf checkTurn			;and check car X pos, if on roadside then dec dpeed
0159  F8 04             		ldi DEC_SPEED_ROADSIDE
015B  30 6F             		br decSpeedNext
015D                    checkTurn:
015D  02                		ldn rDataPointer
015E  F6                		shr
015F  33 68             		bdf noNeedDecSpeed		;only odd speed for speed flicker
0161  88                		glo rLoWheel
0162  FC 04             		adi WHEEL_LIMIT_SPEEDUP
0164  FC F7             		adi 255-WHEEL_LIMIT_SPEEDUP*2
0166  33 6A             		bdf decSpeed 			;check turn adder more half and not inc speed if true

0168                    noNeedDecSpeed:
0168  37 7A             		b4 incSpeed

016A                    decSpeed:
016A  9C                		ghi rHiSpeed
016B  F4                		add		
016C  32 89             		bz changeSpeedEnd

016E  84                		glo r4buf
016F                    decSpeedNext:
016F  F5                		sd 				;b for -2 for low byte
0170  52                		str rDataPointer
0171  33 89             		bdf changeSpeedEnd
0173  FC 0A             		adi 10
0175  73                		stxd
0176  F8 01             		ldi 1
0178  30 6F             		br decSpeedNext

017A                    incSpeed:
017A  9C                		ghi rHiSpeed
017B  FF 17             		smi MAX_SPEED
017D  33 89             		bdf changeSpeedEnd
017F  F8 01             		ldi 1
0181  38                		skp
0182                    incSpeedLoop:
0182  73                		stxd
0183  74                		adc
0184  52                		str rDataPointer
0185  FF 0A             		smi 10
0187  33 82             		bdf incSpeedLoop
0189                    changeSpeedEnd:

0189                    updateTimerBtm:
0189  86                		glo rLoTimer
018A  FA C0             		ani 0xC0
018C  32 95             		bz updateTimerBtmEnd
018E  86                		glo rLoTimer
018F  FA 0F             		ani 0x0F
0191  A6                		plo rLoTimer
0192  C0 008C           		lbr decrementLeftSecond
0195                    decrementLeftReturn:
0195                    updateTimerBtmEnd:

0195                    drawSpeedAndTimer:
                        		; Fixed-size hook: save the normalized LEFT phase in the existing
                        		; non-raster gap, then resume the original HUD setup here.
0195  C0 01C2           		lbr elapsedBaselineAndDrawSpeed
0198                    drawSpeedAndTimerResume:
0198  F8 3A             		ldi <digitsPos
019A  A3                		plo r3Buf


019B                    drawString:
                        ;508; 43
019B  F8 0C             		ldi >chr0
019D  B5                		phi r5Buf
019E  B4                		phi r4buf
019F  B3                		phi r3Buf
01A0  E7                		sex rScreenYAdr

01A1  43                		lda r3Buf
01A2                    drawStringMainLoop:
01A2  A7                		plo rScreenYAdr
01A3  42                		lda rDataPointer
01A4  A5                		plo r5Buf
01A5  05                		ldn r5Buf
01A6  A5                		plo r5Buf
01A7  42                		lda rDataPointer
01A8  A4                		plo r4buf
01A9  04                		ldn r4buf
01AA  A4                		plo r4buf					

01AB                    drawTwoCharsLoop:
01AB  45                		lda r5Buf
01AC  FA F0             		ani $F0
01AE  57                		str rScreenYAdr
01AF  44                		lda r4buf
01B0  FA 0F             		ani $0F
01B2  F1                		or
01B3  57                		str rScreenYAdr
01B4  87                		glo rScreenYAdr
01B5  FC 08             		adi 8
01B7  A7                		plo rScreenYAdr
01B8  FF 80             		smi <mBtmDigits+8*5
01BA  3B AB             		bnf drawTwoCharsLoop
                        		
01BC  43                		lda r3Buf				;next scr adr
01BD  3A A2             		bnz drawStringMainLoop

01BF  C0 02F9           		lbr waitVsync

                        ; Light-frame/sample hooks live in the existing gap before drawRoad so no
                        ; established gameplay or graphics block moves.
01C2                    elapsedBaselineAndDrawSpeed:
01C2  86                		glo rLoTimer
01C3  BF                		phi rGlobalState
01C4  8F                		glo rGlobalState
01C5  3A CA             		bnz formatLeftHudReturn
01C7  C0 0467           		lbr syncActiveHud
01CA                    formatLeftHudReturn:
01CA  F8 3A             		ldi <mSpeedHi
01CC  A2                		plo rDataPointer
01CD  30 98             		br drawSpeedAndTimerResume

01CF                    startRacePhaseCapture:
01CF  86                		glo rLoTimer
01D0  BF                		phi rGlobalState
01D1  30 F9             		br drawRoad

                        ; Runs only on the final countdown frame. Restore the saved road-finish phase
                        ; when present, then snapshot the exact LEFT start state for the next lap.
01D3                    countdownPhaseExternal:
01D3  8F                		glo rGlobalState
01D4  FF 0B             		smi 11
01D6  3A E8             		bnz countdownPhaseExternalWait
01D8  F8 4B             		ldi <mRacePhaseValid
01DA  A2                		plo rDataPointer
01DB  02                		ldn rDataPointer
01DC  32 E5             		bz countdownPhaseExternalCapture
01DE  22                		dec rDataPointer
01DF  02                		ldn rDataPointer
01E0  A6                		plo rLoTimer
01E1  12                		inc rDataPointer
01E2  F8 00             		ldi 0
01E4  52                		str rDataPointer
01E5                    countdownPhaseExternalCapture:
01E5  C0 05E6           		lbr captureRoadStartSeconds
01E8                    countdownPhaseExternalWait:
01E8  C0 02F9           		lbr waitVsync

01EB                    		.org $1EB
01EB                    finishLapNormalizeBoundary:
01EB  02                		ldn rDataPointer
01EC  FA 3F             		ani $3F
01EE  52                		str rDataPointer
01EF  F8 4D             		ldi <mTimerSecLow
01F1  A2                		plo rDataPointer
01F2  02                		ldn rDataPointer
01F3  CA 05F9           		lbnz finishLapNormalizeLow
01F6  C0 0650           		lbr finishLapNormalizeBorrow

01F9                    		.org $200-7
01F9                    drawRoad:

      = 0003            r14h_PixelData = r3Buf
      = 0004            r15h_PixelData = r4buf
      = 0005            rRowAdr = r5Buf

01F9  F8 07             		ldi >pixelData
01FB  B3                		phi r14h_PixelData
01FC  B4                		phi r15h_PixelData
01FD  F8 09             		ldi >(RAM+256)
01FF  B5                		phi rRowAdr

0200                    clearRoad:
0200  E5                		sex rRowAdr
0201                    clearRoadSkipZeroLoop:
0201  4B                		lda rMarksWidthY
0202  32 01             		bz clearRoadSkipZeroLoop
0204                    clearRoadLoop:
0204  4B                		lda rMarksWidthY
0205  A5                		plo rRowAdr
0206  F8 00             		ldi 0
0208  73                		stxd
0209  73                		stxd
020A  73                		stxd
020B  73                		stxd
020C  73                		stxd
020D  73                		stxd
020E  73                		stxd
020F  55                		str rRowAdr
0210  4B                		lda rMarksWidthY
0211  32 01             		bz clearRoadSkipZeroLoop
0213  FA 01             		ani 1
0215  32 04             		bz clearRoadLoop

0217  A7                		plo rScreenYAdr				;rScreenYAdr = 0
                        		
0218  9C                		ghi rHiSpeed
0219  32 1C             		bz drawPrevious			;just redraw when speed = 0
021B  1B                		inc rMarksWidthY
021C                    drawPrevious:
021C  0B                		ldn rMarksWidthY
021D  AB                		plo rMarksWidthY

021E                    updateDeltaXAndDxCorr:
021E  E2                		sex rDataPointer
021F  F8 39             		ldi <mData
0221  A2                		plo rDataPointer
0222  F8 80             		ldi 128
0224  52                		str rDataPointer 		; lineError = 128
0225  98                		ghi rHiCarX
0226  FE                		shl
0227  FE                		shl
0228  3B 57             		bnf drawI

022A                    drawD:
022A  FB FC             		xri 11111100b
022C  FC 04             		adi 00000100b
022E  B9                		phi rHiDeltaX
022F  F8 23             		ldi 35
0231  A9                		plo rLoDxCorr
0232                    drawLoopD:
0232  17                		inc rScreenYAdr
0233  99                		ghi rHiDeltaX
0234  F4                		add
0235  52                		str rDataPointer				; set error; X to xCorr
0236  33 39             		bdf drawIfMarkD
0238  19                		inc rLoDxCorr
0239                    drawIfMarkD:
0239  4B                		lda rMarksWidthY
023A  32 32             		bz drawLoopD		

023C  89                		glo rLoDxCorr
023D  FE                		shl
023E  E7                        sex rScreenYAdr
023F  F4                        add
0240  A4                		plo r15h_PixelData
0241  2B                		dec rMarksWidthY
0242  EB                		sex rMarksWidthY
0243  F7                		sm
0244  A3                		plo r14h_PixelData
0245  1B                		inc rMarksWidthY
                        		;calc screen offset for left road border
0246  43                		lda r14h_PixelData
0247  F5                		sd
0248  A5                		plo rRowAdr
0249  03                		ldn r14h_PixelData
024A  55                		str rRowAdr				;put pixel
                        		;calc screen offset for right road border
024B  44                		lda r15h_PixelData
024C  F5                		sd
024D  A5                		plo rRowAdr
024E  04                		ldn r15h_PixelData
024F  55                		str rRowAdr 			;put pixel

0250  4B                		lda rMarksWidthY
0251  F4                		add
0252  E2                		sex rDataPointer
0253  3A 32             		bnz drawLoopD
0255  30 7E             		br drawRoadEnd

0257                    drawI:
0257  B9                		phi rHiDeltaX
0258  F8 1D             		ldi 29
025A  A9                		plo rLoDxCorr
025B                    drawLoopI:
025B  17                		inc rScreenYAdr
025C  99                		ghi rHiDeltaX
025D  F4                		add
025E  52                		str rDataPointer
025F  33 62             		bdf drawIfMarkI
0261  29                		dec rLoDxCorr
0262                    drawIfMarkI:
0262  4B                		lda rMarksWidthY
0263  32 5B             		bz drawLoopI
0265  89                		glo rLoDxCorr
0266  FE                		shl
0267  E7                        sex rScreenYAdr
0268  F4                        add
0269  A4                		plo r15h_PixelData
026A  2B                		dec rMarksWidthY
026B  EB                		sex rMarksWidthY
026C  F4                		add
026D  A3                		plo r14h_PixelData
026E  1B                		inc rMarksWidthY
                        		;calc screen offset for left road border
026F  43                		lda r14h_PixelData
0270  F5                		sd
0271  A5                		plo rRowAdr
0272  03                		ldn r14h_PixelData
0273  55                		str rRowAdr				;put pixel
                        		;calc screen offset for right road border
0274  44                		lda r15h_PixelData
0275  F5                		sd
0276  A5                		plo rRowAdr
0277  04                		ldn r15h_PixelData
0278  55                		str rRowAdr 			;put pixel

0279  4B                		lda rMarksWidthY
027A  F4                		add
027B  E2                		sex rDataPointer
027C  3A 5B             		bnz drawLoopI
027E                    drawRoadEnd:
027E  1B                		inc rMarksWidthY

                        		
027F  F8 34             		ldi <mRoadStartAdr
0281  A2                		plo rDataPointer
0282  8A                		glo rRoadSectorAdr
0283  F7                		sm
0284  32 95             		bz drawFinishLine
0286  22                		dec rDataPointer
0287  F7                		sm
0288  3A BA             		bnz drawCar

028A  12                		inc rDataPointer
028B  12                		inc rDataPointer
028C  02                		ldn rDataPointer
028D  22                		dec rDataPointer
028E  FC EF             		adi 256-START_PERSPECTIVE_Y
0290  3B 95             		bnf drawFinishLine
0292  F8 0C             		ldi 12
0294  AF                		plo rGlobalState

0295                    drawFinishLine:
0295  12                		inc rDataPointer
0296  E5                		sex rRowAdr
0297  02                		ldn rDataPointer
0298  FE                		shl
0299  FE                		shl
029A  FE                		shl
029B  FC 0F             		adi 15
029D  A5                		plo rRowAdr
029E  FC C4             		adi 196
02A0  F8 55             		ldi 0x55
02A2  3B AC             		bnf drawFinishOneLine

02A4                    drawFinishLineLoop:
02A4  73                		stxd
02A5  73                		stxd
02A6  73                		stxd
02A7  73                		stxd
02A8  73                		stxd
02A9  73                		stxd
02AA  73                		stxd
02AB  73                		stxd
02AC                    drawFinishOneLine:
02AC  FE                		shl
02AD  3B A4             		bnf drawFinishLineLoop
02AF  F8 00             		ldi 0
02B1  73                		stxd
02B2  73                		stxd
02B3  73                		stxd
02B4  73                		stxd
02B5  73                		stxd
02B6  73                		stxd
02B7  73                		stxd
02B8  73                		stxd
02B9  15                		inc rRowAdr

02BA                    drawCar:
02BA  E5                		sex rRowAdr
02BB  0B                		ldn rMarksWidthY
02BC  AB                		plo rMarksWidthY
02BD  F8 0C             		ldi >btmCar
02BF  B3                		phi r3Buf
                        		
02C0  88                		glo rLoWheel
02C1  32 CC             		bz drawCarCenter
02C3  FE                		shl
02C4  F8 4C             		ldi <btmCarLeft
02C6  3B CE             		bnf drawCarLeft
02C8  F8 56             		ldi <btmCarRight
02CA  30 DC             		br drawCarRight
02CC                    drawCarCenter:
02CC  F8 42             		ldi <btmCarCenter
02CE                    drawCarLeft:
02CE  A3                		plo r3Buf
02CF  43                		lda r3Buf
02D0                    drawCarTopLoop:
02D0  A5                		plo rRowAdr
02D1  43                		lda r3Buf
02D2  F1                		or
02D3  73                		stxd
02D4  43                		lda r3Buf
02D5  F1                		or
02D6  73                		stxd
02D7  43                		lda r3Buf
02D8  3A D0             		bnz drawCarTopLoop

02DA  F8 5F             		ldi <btmCar
02DC                    drawCarRight:
02DC  A3                		plo r3Buf
02DD  43                		lda r3Buf
02DE                    drawCarLoop:
02DE  A5                		plo rRowAdr
02DF  43                		lda r3Buf
02E0  73                		stxd
02E1  43                		lda r3Buf
02E2  73                		stxd
02E3  43                		lda r3Buf
02E4  3A DE             		bnz drawCarLoop

                        		
02E6  9C                		ghi rHiSpeed
02E7  FF 03             		smi 3
02E9  3B F9             		bnf waitVsync
02EB  96                		ghi rHiCounter
02EC  FA 02             		ani 0x02
02EE  32 F9             		bz waitVsync
02F0  F8 DC             		ldi 220
02F2  A5                		plo rRowAdr
02F3  F8 B0             		ldi 10110000b
02F5  73                		stxd
02F6  F8 0D             		ldi 00001101b
02F8  73                		stxd



02F9                    waitVsync:					;wait 1861 interrupt
02F9  E1                		sex r1
02FA  70                		ret
02FB  21                		.db  $21
02FC  00                		idl
02FD  C0 0300           		lbr displayRefresh



0300                    		.org $300
0300                    displayRefresh:
0300  F8 72             		ldi <btmTopText
0302  A0                		plo r0
0303  F8 0C             		ldi >btmTopText
0305  B0                		phi r0
                        		;any code <21 cicles, cicles count mast be a multiple by 3
0306                    displayWait0:
0306  E2                		sex rDataPointer
0307  80                		glo r0
0308  FF 8A             		smi <(8*5+btmTopText-16)
030A  3A 06             		bnz displayWait0
030C  F8 07             		ldi >zero128b

                        		;draw 3 space after digits
030E  B0                		phi r0
030F  F8 80             		ldi <zero128b
0311  A0                		plo r0

0312                    updateTimer:
                        		;should take 5 cycles
0312  86                		glo rLoTimer
0313  FA 0F             		ani 0x0F
0315  32 18             		bz fixTimer
0317  38                		skp
0318                    fixTimer:	
0318  16                		inc rLoTimer
0319                    incTimer:	
0319  16                		inc rLoTimer

031A  F8 08             		ldi >mBtmDigits

                        		;first digits line in 128
031C  B0                		phi r0
031D  F8 58             		ldi <mBtmDigits
031F  A0                		plo r0

                        		;second line in 64
0320  91                		ghi r1
0321  B3                		phi r3Buf
0322  80                		glo r0

0323  A0                		plo r0
0324  F8 2A             		ldi <displayWait1
0326  A3                		plo r3Buf

                        		;third line in 128
0327  E2                		sex rDataPointer
0328  E2                		sex rDataPointer
0329  D3                		sep r3Buf

                        		;fourth and fifth line in 64
032A                    displayWait1:
032A  E2                		sex rDataPointer
032B  E2                		sex rDataPointer
032C  80                		glo r0
                        		
032D  A0                		plo r0
032E  F8 07             		ldi >zero128b
0330  D1                		sep r1

                        		;draw space after digits
0331  B0                		phi r0
0332  F8 80             		ldi <zero128b
0334  A0                		plo r0

0335                    displayWait2:
0335  80                		glo r0
0336  FF F0             		smi 240
0338  3A 35             		bnz displayWait2

033A  F8 98             		ldi <152
033C  A0                		plo r0
033D  E2                		sex rDataPointer
033E                    displayWait3:
033E  80                		glo r0
033F  FF F8             		smi 248
0341  3A 3E             		bnz displayWait3

                        		;draw horizon
0343  F8 80             		ldi <mBtmHorizonStart
0345  A0                		plo r0
                        		
0346                    displayWait4:	
0346  80                		glo r0
0347  FF F0             		smi 240
0349  3A 46             		bnz displayWait4

                        		;draw space after horizon
034B  F8 07             		ldi >zero128b
034D  B0                		phi r0

034E  F8 E0             		ldi 224
0350  A0                		plo r0
0351                    displayWait5:
0351  80                		glo r0
0352  FF F8             		smi 248
0354  3A 51             		bnz displayWait5
                        		
                        		;sex rDataPointer ;need del inc rLoTimer
                        		;glo rLoTimer ;for gray bkg, need ldi 13
                        		;shr
                        		;bdf displayTest ;$+6
                        		;ldi >$E00
                        		;phi r0
                        		;br displayTest2

                        		;draw road in 64
0356                    displayTest:
0356  F8 09             		ldi >(RAM+256)
0358                    displayTest2:
0358  B0                		phi r0
0359                    displayWait6:
0359  80                		glo r0
035A  20                		dec r0
035B  A0                		plo r0
035C  E2                		sex rDataPointer
035D  FF F8             		smi 248
035F  3A 59             		bnz displayWait6

0361                    main:

0361                    checkGlobalState:
0361  8F                		glo rGlobalState
0362  CA 0600           		lbnz selectGlobalState

0365                    updateSpeed:
0365  8C                		glo rloSpeedCounter
0366  32 6E             		bz resetSpeedCounter
0368  FE                		shl
0369  33 74             		bdf incSpeedCounter
036B                    decSpeedCounter:
036B  2C                		dec rloSpeedCounter
036C  30 78             		br moreCalledAtHigherSpeed
036E                    resetSpeedCounter:
036E  9C                		ghi rloSpeedCounter
036F  FF 0A             		smi 10							;define start speed, lower - faster
0371  AC                		plo rloSpeedCounter
0372  3B 78             		bnf moreCalledAtHigherSpeed
0374                    incSpeedCounter:
0374  1C                		inc rloSpeedCounter				;rHiSpeed may be corrupted but it will be set in scanAccelKey
                        		
0375                    lessCalledAtHigherSpeed:
                        		; This is a deliberately light frame: no road or horizon rendering follows.
                        		; Batch elapsed-time accounting here so heavy raster frames retain the
                        		; original v1.05 instruction budget.
0375  C0 0461           		lbr elapsedLightTick

0378                    moreCalledAtHigherSpeed:
0378  96                		ghi rHiCounter
0379  FC 01             		adi 1
037B  B6                		phi rHiCounter
037C  F6                		shr
037D  CB 01F9           		lbnf drawRoad ;drawRoad every second frame


0380                    scanTurnKey:
                        		; Keep sound work off raster-sensitive road-draw frames.
0380  C0 0CDF           		lbr roadsideBeepTick
0383                    scanTurnKeyInput:
0383  88                		glo rLoWheel
0384  FC 08             		adi WHEEL_LIMIT
0386  FC EF             		adi 255-WHEEL_LIMIT*2
0388  88                		glo rLoWheel
0389  33 94             		bdf noKey
038B  E1                		sex r1
038C  62                		out 2
038D  06                		.db 6
038E  37 9C             		b4 decrKey
0390  62                		out 2
0391  04                		.db 4
0392  37 9A             		b4 incrKey
0394                    noKey:
0394  32 9F             		bz scanTurnKeyEnd
0396  FE                		shl
0397  88                		glo rLoWheel
0398  3B 9C             		bnf decrKey
039A                    incrKey:
039A  FC 02             		adi 2
039C                    decrKey:
039C  FF 01             		smi 1
039E  A8                		plo rLoWheel
039F                    scanTurnKeyEnd:


039F  9C                		ghi rHiSpeed
03A0  C2 02F9           		lbz waitVsync

03A3  C0 0500           		lbr calcRoadOrShiftHorizon


                        ; Completed-road label alternates with the two actual road layouts.  This
                        ; occupies the untouched ten-byte $03A6-$03AF gap and then falls into +60.
03A6                    		.org $3A6
03A6                    advanceRoadNumber:
03A6  F8 2D             		ldi <mRoadNumber
03A8  A2                		plo rDataPointer
03A9  02                		ldn rDataPointer
03AA  FB 03             		xri 3
03AC  52                		str rDataPointer
03AD  C0 0CA0           		lbr addRoadTime

03B0                    		.org $3B0
                        ; Countdown-light sound. Values target the nominal Studio III NTSC clock:
                        ; B4 ~= 494.96 Hz, B5 ~= 989.92 Hz, with an exact 2:1 divider ratio.
03B0                    countdownBeepTick:
03B0  8D                		glo rBeepTimer
03B1  32 B9             		bz countdownBeepTickDone
03B3  FF 01             		smi 1
03B5  AD                		plo rBeepTimer
03B6  3A B9             		bnz countdownBeepTickDone
03B8  7A                		req
03B9                    countdownBeepTickDone:
                        		; During the countdown, render the existing HUD cells without resyncing
                        		; LEFT.  This keeps the completed lap result stable until racing resumes.
03B9  C0 01CA           		lbr formatLeftHudReturn

03BC                    countdownBeepStart:
                        		; State 5..9 are the five actual light-illumination transitions.
03BC  8F                		glo rGlobalState
03BD  FF 05             		smi 5
03BF  3B E0             		bnf countdownBeepStartDone
03C1  FF 05             		smi 5
03C3  33 E0             		bdf countdownBeepStartDone

03C5  8F                		glo rGlobalState
03C6  FF 09             		smi 9
03C8  32 D4             		bz countdownBeepHigh
03CA  F8 06             		ldi START_BEEP_FRAMES
03CC  AD                		plo rBeepTimer

03CD  F8 03             		ldi >countdownToneB4
03CF  BE                		phi rTonePointer
03D0  F8 E3             		ldi <countdownToneB4
03D2  30 DC             		br countdownBeepOut
03D4                    countdownBeepHigh:
03D4  F8 0C             		ldi FINAL_BEEP_FRAMES
03D6  AD                		plo rBeepTimer
03D7  F8 03             		ldi >countdownToneB5
03D9  BE                		phi rTonePointer
03DA  F8 E4             		ldi <countdownToneB5
03DC                    countdownBeepOut:
03DC  AE                		plo rTonePointer
03DD  EE                		sex rTonePointer
03DE  64                		out 4
03DF  7B                		seq
03E0                    countdownBeepStartDone:
                        		; On the final between-road countdown frame, restore the fractional
                        		; LEFT-timer phase captured at the finish line.  Other countdown frames
                        		; pass straight through the helper to waitVsync.
03E0  C0 0450           		lbr countdownPhaseRestore

03E3  E1                countdownToneB4:	.db TONE_B4
03E4  70                countdownToneB5:	.db TONE_B5

                        ; Short roadside pulse with a quiet gap between retriggers.
03E5                    roadsideBeepStart:
03E5  F8 06             		ldi ROAD_BEEP_GAP_TICKS
03E7  BD                		phi rBeepTimer
03E8  F8 01             		ldi ROAD_BEEP_TICKS
03EA  AD                		plo rBeepTimer
03EB  F8 03             		ldi >countdownToneB4
03ED  BE                		phi rTonePointer
03EE  F8 E3             		ldi <countdownToneB4
03F0  AE                		plo rTonePointer
03F1  EE                		sex rTonePointer
03F2  64                		out 4
03F3  7B                		seq
03F4  C0 0383           		lbr scanTurnKeyInput

03F7                    roadsideBeepStop:
03F7  F8 00             		ldi 0
03F9  BD                		phi rBeepTimer
03FA  AD                		plo rBeepTimer
03FB  7A                		req
03FC  C0 0383           		lbr scanTurnKeyInput


0400                    		.org $400
                        ; ---------------------------------------------------------------------------
                        ;  CDP1864 colour. Race has no framebuffer -- displayRefresh points R0 straight
                        ;  at ROM data and re-points it per scanline -- so the 1864 picks its colour
                        ;  cell from the ADDRESS being fetched, not the screen row:
                        ;
                        ;        col_index = {addr[7:5], addr[2:0]}
                        ;
                        ;  addr[2:0] is the byte across the line, exactly as normal. addr[7:5] is the
                        ;  32-byte block the data sits in. So colour attaches to WHICH GRAPHIC is being
                        ;  fetched, not where it lands -- per-element colour, which no framebuffer game
                        ;  on this hardware can have. This table is eight distinct colours, one per
                        ;  block, to read off which element is fed from where.
                        ; ---------------------------------------------------------------------------
0400                    colourInit:
0400  E3                		sex r3					;interrupts are still live at this point in Reset
0401  71                		dis						;and R1 still points at the VideoInt stub, which
0402  23                		.db  $23				;would run all through the loop below. Kill them
                        								;first, exactly as start does: X=2, P=3, IE=0.
                        		;OUT 1 would step the background off blue, but on this machine the
                        		;1861 path takes OUT 1 as display-off as well, so it is left alone.
0403  F8 0B             		ldi $0B					;R4 -> the colour window
0405  B4                		phi r4
0406  F8 00             		ldi 0
0408  A4                		plo r4
0409  F8 04             		ldi >bandTable
040B  B5                		phi r5
040C  F8 25             		ldi <bandTable
040E  A5                		plo r5
040F                    ciBand:
040F  45                		lda r5					;colour for this 32-byte block
0410  A6                		plo r6
0411  F8 08             		ldi 8					;eight cells share it
0413  B6                		phi r6
0414                    ciCell:
0414  86                		glo r6
0415  54                		str r4
0416  14                		inc r4
0417  96                		ghi r6
0418  FF 01             		smi 1
041A  B6                		phi r6
041B  3A 14             		bnz ciCell
041D  84                		glo r4
041E  FB 40             		xri 64
0420  3A 0F             		bnz ciBand
0422  C0 0100           		lbr start

0425  01030707 07060103 bandTable:	.db 1,3,7,7,7,6,1,3		;red magenta white white white cyan red magenta
                        ;
                        ;  Groups 2, 3 and 4 have to share a colour, and that is not a preference.
                        ;  Text on this game straddles them: the status header is display rows 0-4,
                        ;  which is group 3 on row 0 and group 4 below it; the digit line is rows
                        ;  8-15, group 2 on row 8 and group 3 below; and the big AZYA,2020 line is
                        ;  rows 59-66, crossing group 2 into 3 into 4. Give those groups different
                        ;  values and every one of those strings comes out banded -- which is what
                        ;  the first version did, and why the score digits had a green top row on a
                        ;  yellow body.
                        ;
                        ;  White is the pick because group 4 also draws the mountain tops at rows
                        ;  44-47, so the same value that makes the text legible caps the peaks with
                        ;  snow. Groups 5, 6 and 7 keep cyan/red/magenta for the lower slopes and,
                        ;  further down the screen, for the near road and the car. Groups 0 and 1
                        ;  are the far road alone.
                        ;
                        ;  Value 2 is blue, the same as the background, so it is never usable here.


                        ; -----------------------------------------------------------------------------
                        ; Race DX v1.05 fractional-phase preservation
                        ;
                        ; Helpers live in the unused $0430-$04FF gap. Existing code, graphics, tables
                        ; and data retain their v1.05 addresses. The original packed-decimal seconds
                        ; timer is unchanged.
                        ;
                        ; finishRoad is selected on the refresh after drawRoad raises state 12, so R6.0
                        ; has advanced by one hidden timer tick even though whole seconds are no longer
                        ; decremented. Undo that encoded tick before saving the phase. The v1.05 phase
                        ; counter skips 01/11/21/31 hex because it takes an extra increment when the
                        ; low nibble is zero: values ending in 2 therefore need -2; all others need -1.

0430                    		.org $430
0430                    finishRoadPhaseSave:
0430  7A                		req
0431  1A                		inc rRoadSectorAdr
0432  1A                		inc rRoadSectorAdr

0433  86                		glo rLoTimer
0434  A4                		plo r4buf
0435  FA 0F             		ani $0F
0437  FF 02             		smi 2
0439  3A 40             		bnz finishRoadPhaseMinusOne
043B  84                		glo r4buf
043C  FF 02             		smi 2
043E  30 43             		br finishRoadPhaseStore
0440                    finishRoadPhaseMinusOne:
0440  84                		glo r4buf
0441  FF 01             		smi 1
0443                    finishRoadPhaseStore:
0443  A4                		plo r4buf
0444  F8 4A             		ldi <mRacePhase
0446  A2                		plo rDataPointer
0447  84                		glo r4buf
0448  52                		str rDataPointer
0449  12                		inc rDataPointer
044A  F8 01             		ldi 1
044C  52                		str rDataPointer
044D  C0 0453           		lbr finishLapCapture

                        ; Restore the saved LEFT-timer phase on the final countdown transition.  This
                        ; makes the post-finish +60-second award preserve the exact fractional remainder
                        ; instead of allowing the between-road countdown to replace it with a new phase.
0450                    countdownPhaseRestore:
0450  C0 01D3           		lbr countdownPhaseExternal
                        ; Unreachable from countdownPhaseRestore itself; finishRoadPhaseSave enters here.
                        ; Keep elapsedLightTick fixed at $0461.
0453                    finishLapCapture:
0453  F8 4A             		ldi <mRacePhase
0455  A2                		plo rDataPointer
0456  02                		ldn rDataPointer
0457  FA C0             		ani $C0
0459  CA 01EB           		lbnz finishLapNormalizeBoundary
045C  C0 0F9D           		lbr finishLapCore
045F  C4                		nop
0460  C4                		nop

                        ; -----------------------------------------------------------------------------
                        ; Race DX exact light-frame HUD sync
                        ;
                        ; Whole elapsed seconds are advanced exactly when LEFT crosses a whole-second
                        ; boundary.  Light frames therefore only copy three BCD digits and derive the
                        ; shared tenth from R6.  This keeps TIME exact without the long per-frame BCD
                        ; subtraction that could overrun the first active race frames.
0461                    elapsedLightTick:
0461  C0 0130           		lbr scanAccelKey

0464                    setGameOverHud:
0464  C0 0467           		lbr syncActiveHud
0467                    syncActiveHud:
0467  F8 08             		ldi >RAM
0469  B4                		phi r4buf
046A  F8 28             		ldi <mElapsedHiddenHi
046C  A4                		plo r4buf
046D  F8 43             		ldi <mElapsedSecHi
046F  A2                		plo rDataPointer
0470  44                		lda r4buf
0471  52                		str rDataPointer
0472  12                		inc rDataPointer
0473  44                		lda r4buf
0474  52                		str rDataPointer
0475  12                		inc rDataPointer
0476  04                		ldn r4buf
0477  52                		str rDataPointer

                        		; Shared tenth phase. Preserve the looked-up digit before loading the
                        		; destination address; the pass-5 code accidentally stored that address.
0478  86                		glo rLoTimer
0479  FA 3F             		ani $3F
047B  FC C0             		adi <phaseTenthTable
047D  A5                		plo r5Buf
047E  F8 0E             		ldi >phaseTenthTable
0480  B5                		phi r5Buf
0481  05                		ldn r5Buf
0482  A5                		plo r5Buf
0483  F8 47             		ldi <mElapsedTenth
0485  A2                		plo rDataPointer
0486  85                		glo r5Buf
0487  52                		str rDataPointer
0488  8F                		glo rGlobalState
0489  FF FF             		smi 255
048B  C2 04A2           		lbz setGameOverLabels
048E  C0 0030           		lbr formatLeftHud

                        ; Stage-style race reset.  Keep this outside the $0600 state block so its
                        ; established raster-sensitive labels do not move.
0491                    resetStageState:
0491  F8 00             		ldi 0
0493  B8                		phi rHiCarX
0494  A8                		plo rLoWheel
0495  AC                		plo rloSpeedCounter
0496  BC                		phi rHiSpeed
0497  F8 3C             		ldi <mSpeedLo
0499  A2                		plo rDataPointer
049A  F8 00             		ldi 0
049C  73                		stxd
049D  73                		stxd
049E  52                		str rDataPointer
049F  C0 061E           		lbr loadHorizon

                        ; TIME has already been synchronized above.  Replace LEFT's numeric field by
                        ; OVER and patch only the two packed bytes occupied by LEFT in each legend row.
                        ; displayRefresh keeps scanning the same RAM addresses and therefore gains no
                        ; raster-path work at GAME OVER.
04A2                    setGameOverLabels:
                        		; R2 still points at mElapsedTenth from syncActiveHud.  Canonicalize the
                        		; terminal result to the exact awarded budget (185.0, 245.0, ...).
04A2  F8 00             		ldi 0
04A4  52                		str rDataPointer
04A5  F8 41             		ldi <mLeftTenth
04A7  A2                		plo rDataPointer
04A8  E2                		sex rDataPointer
04A9  F8 0B             		ldi <chrR
04AB  73                		stxd
04AC  F8 0C             		ldi <chrE
04AE  73                		stxd
04AF  F8 0D             		ldi <chrV
04B1  73                		stxd
04B2  F8 00             		ldi <chr0
04B4  52                		str rDataPointer
04B5  C0 01CA           		lbr formatLeftHudReturn

                        ; Whole-second LEFT formatting is deliberately outside the packed $0030 block.
                        ; The hidden elapsed counter has already advanced when LEFT reaches zero, so the
                        ; first true 00.0 display instant can enter GAME OVER directly with exact TIME.
04B8                    formatLeftWholeSafe:
04B8  42                		lda rDataPointer
04B9  B4                		phi r4buf
04BA  02                		ldn rDataPointer
04BB  A4                		plo r4buf
04BC  3A C7             		bnz formatLeftWholeStore
04BE  94                		ghi r4buf
04BF  3A C7             		bnz formatLeftWholeStore
04C1  F8 FF             		ldi 255
04C3  AF                		plo rGlobalState
04C4  C0 0464           		lbr setGameOverHud
04C7                    formatLeftWholeStore:
04C7  C0 0068           		lbr formatLeftStore

                        ; Result-only HUD update.  First freeze TIME from the exact hidden elapsed
                        ; counter and captured finish tenth, then place NN.N in LEFT.  This code runs
                        ; only after the road is finished; it never executes on a live race frame.
04CA                    showLapHudSafe:
04CA  F8 08             		ldi >RAM
04CC  B4                		phi r4buf
04CD  F8 28             		ldi <mElapsedHiddenHi
04CF  A4                		plo r4buf
04D0  F8 43             		ldi <mElapsedSecHi
04D2  A2                		plo rDataPointer
04D3  44                		lda r4buf
04D4  52                		str rDataPointer
04D5  12                		inc rDataPointer
04D6  44                		lda r4buf
04D7  52                		str rDataPointer
04D8  12                		inc rDataPointer
04D9  04                		ldn r4buf
04DA  52                		str rDataPointer

04DB  F8 50             		ldi <mLapTenth
04DD  A4                		plo r4buf
04DE  F8 47             		ldi <mElapsedTenth
04E0  A2                		plo rDataPointer
04E1  04                		ldn r4buf
04E2  52                		str rDataPointer

04E3  F8 4E             		ldi <mLapTens
04E5  A4                		plo r4buf
04E6  F8 3E             		ldi <mLeftHi
04E8  A2                		plo rDataPointer
04E9  44                		lda r4buf
04EA  52                		str rDataPointer
04EB  12                		inc rDataPointer
04EC  44                		lda r4buf
04ED  52                		str rDataPointer
04EE  12                		inc rDataPointer
04EF  F8 9A             		ldi <chrDot
04F1  52                		str rDataPointer
04F2  12                		inc rDataPointer
04F3  04                		ldn r4buf
04F4  52                		str rDataPointer
04F5  C0 06B8           		lbr finishRoadPhaseReturn

0500                    		.org $500
0500                    calcRoadOrShiftHorizon:


0500                    updateCarX:
0500  F8 39             		ldi <mData
0502  A2                		plo rDataPointer
0503  E2                		sex rDataPointer
0504  98                		ghi rHiCarX
0505  52                		str rDataPointer
0506  88                		glo rLoWheel
0507  FE                		shl
0508  88                		glo rLoWheel
0509  76                		shrc
050A  F4                		add
050B  52                		str rDataPointer
050C  0A                		ldn rRoadSectorAdr
050D  F4                		add							;add road sector -1..-3 or 1..3
050E  52                		str rDataPointer
                        		
050F  9C                		ghi rHiSpeed
0510  FF 07             		smi SPEED_SKID_START
0512  3B 22             		bnf skipDecCarX
0514  F6                		shr
0515  F6                		shr
0516  A4                		plo r4buf
0517  0A                		ldn rRoadSectorAdr
0518  32 22             		bz skipDecCarX
051A  FE                		shl
051B  84                		glo r4buf
051C  3B 20             		bnf incCarX
051E  F5                		sd
051F  38                		skp
0520                    incCarX:
0520  F4                		add
0521  52                		str rDataPointer

0522                    skipDecCarX:
0522  02                		ldn rDataPointer
0523                    storeCarX:
0523  FC 3F             		adi CAR_X_LIMIT				;range check, right limit
0525  FC 81             		adi 255-CAR_X_LIMIT*2				;last - left limit
0527  02                		ldn rDataPointer
0528  3B 31             		bnf saveNewCarX
052A  FE                		shl
052B  F8 C1             		ldi -CAR_X_LIMIT
052D  33 31             		bdf saveNewCarX
052F  F8 3F             		ldi CAR_X_LIMIT
0531                    saveNewCarX:
0531  B8                		phi rHiCarX


                        		;shift horizon and calc road curve every fourth frame
0532  96                		ghi rHiCounter
0533  F6                		shr
0534  F6                		shr
0535  CB 0583           		lbnf shiftHorizon


0538                    calcRoad:
                        		;122 cicles free
0538  F8 39             		ldi <mData
053A  A2                		plo rDataPointer		;X to ddx
                        		
053B  A5                		plo r5Buf
053C  92                		ghi rDataPointer
053D  B5                		phi r5Buf

053E  F8 1C             		ldi <(MAX_SEGMENT_Y+1)
0540  A7                		plo rScreenYAdr
                        		
0541  F8 00             		ldi 0
0543  73                		stxd 					;ddx = 0; X to dx.0
0544  73                		stxd 					;dx.0 = 0; X to dx.1
0545  73                		stxd					;dx.1 = 0; X to mPerspectiveYBuf

0546  22                		dec rDataPointer		;to mPerspectiveY
0547                    updatePerspectiveY:
0547  42                		lda rDataPointer
0548  FF 1B             		smi MAX_SEGMENT_Y
054A  3B 4F             		bnf incPerspectiveY
054C                    clearPerspectiveY:
054C  F8 E4             		ldi -MAX_SEGMENT_Y-1
054E  1A                		inc rRoadSectorAdr
054F                    incPerspectiveY:
054F  FC 1C             		adi MAX_SEGMENT_Y+1
0551  73                		stxd					;new mPerspectiveY to mPerspectiveYBuf
0552  73                		stxd					;and to mPerspectiveY

0553                    calcRoadLoop:
0553  85                		glo r5Buf
0554  A2                		plo rDataPointer
0555  0A                		ldn rRoadSectorAdr
0556  F4                		add
0557  73                		stxd ;new ddx; X to dx.0
                        		
0558  F4                		add
0559  73                		stxd						;new dx.0; X to dx.1
055A  FA E0             		ani 0xE0
055C  57                		str rScreenYAdr
055D  05                		ldn r5Buf
055E  FA 80             		ani 0x80
0560  32 64             		bz $+4
0562  F8 FF             		ldi 0xFF
0564  74                		adc
0565  73                		stxd						;new dx.1; X to mPerspectiveY

0566  FA 0F             		ani 0x0F
0568  F6                		shr
0569  E7                		sex rScreenYAdr
056A  F1                		or
056B  76                		shrc
056C  76                		shrc
056D  76                		shrc
056E  76                		shrc
056F  73                		stxd						;save to rScreenYAdr and dec it

0570  E2                		sex rDataPointer
0571  87                		glo rScreenYAdr
0572  F7                		sm 						;compare rScreenYAdr with mPerspectiveY
0573  3A 53             		bnz calcRoadLoop

0575  73                		stxd 	;clear mPerspectiveYBuf
0576  87                		glo rScreenYAdr
0577  32 7C             		bz calcRoadExit
0579  1A                		inc rRoadSectorAdr
057A  30 53             		br calcRoadLoop

057C                    calcRoadExit:
057C  F0                		ldx
057D  32 80             		bz calcRoadEnd
057F  2A                		dec rRoadSectorAdr
0580                    calcRoadEnd:
0580  C0 02F9           		lbr waitVsync; incScoresAndSegment


0583                    shiftHorizon:
0583  92                		ghi rDataPointer
0584  B5                		phi r5Buf
0585  0A                		ldn rRoadSectorAdr
0586  FE                		shl
0587  33 AD             		bdf shiftRightHorizon
0589  32 D9             		bz shiftHorizonEnd

058B                    shiftLeftHorizon:
058B  F8 FF             		ldi <(mBtmHorizonEnd)
058D  A2                		plo rDataPointer

058E  F8 F8             		ldi <(mBtmHorizonEnd-7)
0590  A5                		plo r5Buf
0591                    shiftLeftHorizonLoop:
0591  05                		ldn r5Buf
0592  7E                		shlc

0593                    loop:
0593  F0                		ldx
0594  7E                		shlc
0595  73                		stxd
0596  F0                		ldx
0597  7E                		shlc
0598  73                		stxd
0599  F0                		ldx
059A  7E                		shlc
059B  73                		stxd
059C  F0                		ldx
059D  7E                		shlc
059E  73                		stxd
059F  82                		glo rDataPointer
05A0  FA 04             		ani 0x04
05A2  32 93             		bz loop

05A4  85                		glo r5Buf
05A5  FF 08             		smi 8
05A7  A5                		plo r5Buf

05A8  FE                		shl
05A9  33 91             		bdf shiftLeftHorizonLoop
05AB  30 D9             		br shiftHorizonEnd

05AD                    shiftRightHorizon:
05AD  F8 80             		ldi <(mBtmHorizonStart)
05AF  A5                		plo r5Buf
                        		
05B0  F8 87             		ldi <(mBtmHorizonStart+7)
05B2                    shiftRightHorizonLoop:
05B2  A2                		plo rDataPointer
05B3  02                		ldn rDataPointer
05B4  76                		shrc

05B5  05                		ldn r5Buf
05B6  76                		shrc
05B7  55                		str r5Buf
05B8  15                		inc r5Buf
05B9  05                		ldn r5Buf
05BA  76                		shrc
05BB  55                		str r5Buf
05BC  15                		inc r5Buf
05BD  05                		ldn r5Buf
05BE  76                		shrc
05BF  55                		str r5Buf
05C0  15                		inc r5Buf
05C1  05                		ldn r5Buf
05C2  76                		shrc
05C3  55                		str r5Buf
05C4  15                		inc r5Buf
05C5  05                		ldn r5Buf
05C6  76                		shrc
05C7  55                		str r5Buf
05C8  15                		inc r5Buf
05C9  05                		ldn r5Buf
05CA  76                		shrc
05CB  55                		str r5Buf
05CC  15                		inc r5Buf
05CD  05                		ldn r5Buf
05CE  76                		shrc
05CF  55                		str r5Buf
05D0  15                		inc r5Buf
05D1  45                		lda r5Buf
05D2  76                		shrc
05D3  52                		str rDataPointer

05D4  82                		glo rDataPointer
05D5  FC 08             		adi 8
05D7  3B B2             		bnf shiftRightHorizonLoop
05D9                    shiftHorizonEnd:

05D9                    incStores:
                        		; TIME is now redrawn only on scanAccel frames with the rest of the HUD.
                        		; Do no string work at all after a horizon shift: this restores margin on
                        		; the intermittent left-turn failure path.  Padding keeps drawScore fixed.
05D9  C0 02F9           		lbr waitVsync
05DC  C4                		nop
05DD  C4                		nop
05DE  C4                		nop
05DF  C4                		nop
05E0  C4                		nop
05E1  C4                		nop
05E2  C4                		nop
05E3  C4                		nop
05E4  C4                		nop
05E5  C4                		nop
                        		
                         ; This slot used to be drawScore.  It now holds countdown-only road-start
                        ; timing capture; live HUD work remains off horizon frames.
05E6                    initElapsedTop:
05E6                    captureRoadStartSeconds:
05E6  F8 4C             		ldi <mTimerSecHi
05E8  A2                		plo rDataPointer
05E9  E2                		sex rDataPointer
05EA  02                		ldn rDataPointer
05EB  FE                		shl
05EC  FE                		shl
05ED  FE                		shl
05EE  F4                		add
05EF  F4                		add
05F0  12                		inc rDataPointer
05F1  F4                		add				; D = decimal seconds as binary 0..99
05F2  F8 2B             		ldi <mRoadStartSeconds
05F4  A2                		plo rDataPointer
05F5  52                		str rDataPointer
05F6  C0 0CB6           		lbr captureRoadStartTenth
05F9                    finishLapNormalizeLow:
05F9  FF 01             		smi 1
05FB  52                		str rDataPointer
05FC  C0 0F9D           		lbr finishLapCore

0600                    		.org $600
0600                    selectGlobalState:
0600  FF 03             		smi 3
0602  3B 12             		bnf prepareLevelStep	  ;state = 1-2
0604  FF 08             		smi 8
0606  3B 69             		bnf globalStateCountDown  ;state = 3-10
0608  32 5C             		bz startRace			  ;state = 11
060A  FF 01             		smi 1
060C  32 B5             		bz finishRoad			  ;state = 12
                        	
                        		;state other
060E                    gameOver:						
060E  7A                		req
060F  C0 02F9           		lbr waitVsync
                        		

0612                    prepareLevelStep:
0612  1F                		inc rGlobalState

0613  FC 01             		adi 1
0615  C2 01F9           		lbz drawRoad 			; if state = 2

                        		; Stage-style transition: reset steering/speed and clear all three
                        		; displayed speed digits.  The helper returns by branching to loadHorizon.
0618  C0 0491           		lbr resetStageState
061B  C4                		nop
061C  C4                		nop
061D  C4                		nop

061E                    loadHorizon:
061E  4A                		lda rRoadSectorAdr
061F  B5                		phi r5Buf
0620  4A                		lda rRoadSectorAdr
0621  A5                		plo r5Buf
0622  F8 34             		ldi <mRoadStartAdr
0624  A2                		plo rDataPointer
0625  4A                		lda rRoadSectorAdr
0626  73                		stxd
0627  4A                		lda rRoadSectorAdr
0628  73                		stxd
                        		
0629  F8 FF             		ldi <mBtmHorizonEnd
062B  A2                		plo rDataPointer
062C                    loadHorizonLoop:
062C  45                		lda r5Buf
062D  73                		stxd
062E  3A 3B             		bnz notZero
                        		;simple comress: if 0 then read next byte for get zeros count
0630  45                		lda r5Buf
0631  32 3B             		bz notZero
0633  A4                		plo r4buf
0634                    storeZeros:
0634  F8 00             		ldi 0
0636  73                		stxd
0637  24                		dec r4buf
0638  84                		glo r4buf
0639  3A 34             		bnz storeZeros
063B                    notZero:
063B  82                		glo rDataPointer
063C  FE                		shl
063D  33 2C             		bdf loadHorizonLoop
                        		
063F  F8 35             		ldi <mPerspectiveY
0641  A2                		plo rDataPointer
0642  F8 11             		ldi START_PERSPECTIVE_Y
0644  73                		stxd

0645                    initTopInfo:
0645  F8 4B             		ldi <mRacePhaseValid
0647  A2                		plo rDataPointer
0648  02                		ldn rDataPointer
0649  CA 02F9           		lbnz waitVsync
064C  C0 00AC           		lbr initHudData
064F  C4                		nop
0650                    initTopInfoRest:
0650                    finishLapNormalizeBorrow:
0650  22                		dec rDataPointer
0651  02                		ldn rDataPointer
0652  FF 01             		smi 1
0654  52                		str rDataPointer
0655  12                		inc rDataPointer
0656  F8 09             		ldi 9
0658  52                		str rDataPointer
0659  C0 0F9D           		lbr finishLapCore

                        		
065C                    startRace:
                        		;put zeros
065C  AF                		plo rGlobalState
065D  B6                		phi rHiCounter
                        		; Fixed-size hook; capture the active-race phase outside this timed block.
065E  C0 01CF           		lbr startRacePhaseCapture


      = 0005            rRowAdr = r5Buf
0661                    clearLight:
0661  F8 00             		ldi 0
0663  73                		stxd
0664  85                		glo rRowAdr
0665  3A 61             		bnz clearLight
0667  30 B2             		br globalStateCountDownEnd
                        		
0669                    globalStateCountDown:

                        		;every 0.75s
0669  86                		glo rLoTimer
066A  FC D0             		adi 208
066C  33 71             		bdf globalStateCountDownTimer
066E  C0 03B0           		lbr countdownBeepTick
0671                    globalStateCountDownTimer:
0671  86                		glo rLoTimer
0672  FA 0F             		ani 0x0F
0674  A6                		plo rLoTimer

0675  F8 09             		ldi >(RAM+256)
0677  B5                		phi rRowAdr
0678  F8 65             		ldi LIGHT_POSITION_Y
067A  A5                		plo rRowAdr	
067B  E5                		sex rRowAdr

067C  1F                		inc rGlobalState
067D                    globalStateCountDownDraw:
067D  8F                		glo rGlobalState
067E  FF 0B             		smi 11
0680  32 61             		bz clearLight
0682  FE                		shl
0683  FE                		shl
0684  FC FC             		adi <btmLight0
0686  A4                		plo r4Buf

0687  F8 06             		ldi >btmLightTop
0689  B3                		phi r3Buf
068A  F8 CC             		ldi <btmLightTop
068C  A3                		plo r3Buf

068D                    drawLight:
068D  43                		lda r3Buf
068E  73                		stxd
068F  43                		lda r3Buf
0690  73                		stxd
0691  43                		lda r3Buf
0692  73                		stxd		
0693  43                		lda r3Buf
0694  73                		stxd
0695  85                		glo rRowAdr
0696  FF 04             		smi 4
0698  A5                		plo rRowAdr
0699  FC AB             		adi (8*2+256-LIGHT_POSITION_Y)
069B  33 8D             		bdf drawLight
069D  FC 18             		adi (8*3)
069F  3B A5             		bnf drawLightBottom
06A1  84                		glo r4Buf
06A2  A3                		plo r3Buf
06A3  30 8D             		br drawLight
06A5                    drawLightBottom:
06A5  FC 08             		adi (8*1)
06A7  3B AE             		bnf drawLightEnd		
06A9  F8 D4             		ldi <btmLightBottom
06AB  A3                		plo r3Buf
06AC  30 8D             		br drawLight
06AE                    drawLightEnd:
06AE  FC 10             		adi (8*2)
06B0  33 8D             		bdf drawLight
                        		
06B2                    globalStateCountDownEnd:
06B2  C0 03BC           		lbr countdownBeepStart
                        		

06B5                    finishRoad:
                        		; Same-size hook replacing REQ + two INCs. The helper performs all
                        		; three original operations before saving the fractional race phase.
06B5  C0 0430           		lbr finishRoadPhaseSave
06B8                    finishRoadPhaseReturn:
                        		; The two padding bytes after a road lead to the next road header.
                        		; After the final road, loop back to the first header instead of
                        		; interpreting the graphics at $E00 as another road.
06B8  8A                		glo rRoadSectorAdr
06B9  FF F4             		smi <roadDataEnd
06BB  3A C3             		bnz finishRoadNext
06BD  F8 0D             		ldi >roadData1
06BF  BA                		phi rRoadSectorAdr
06C0  F8 AE             		ldi <roadData1
06C2  AA                		plo rRoadSectorAdr
06C3                    finishRoadNext:
06C3  C0 03A6           		lbr advanceRoadNumber
06C6                    finishRoadResume:
06C6  F8 01             		ldi 1
06C8  AF                		plo rGlobalState
06C9  C0 02F9           		lbr waitVsync

06CC                    btmLightTop:
06CC  FEFFFF7F          		.db 11111110b, 11111111b, 11111111b, 01111111b
06D0  01000080          		.db 00000001b, 00000000b, 00000000b, 10000000b
06D4                    btmLightBottom:
06D4  19866198          		.db 00011001b, 10000110b, 01100001b, 10011000b
06D8  01000080          		.db 00000001b, 00000000b, 00000000b, 10000000b
06DC  FEFFFF7F          		.db 11111110b, 11111111b, 11111111b, 01111111b
                        	
06E0  254992A4          		.db 00100101b, 01001001b, 10010010b, 10100100b	
06E4  254992BC          		.db 00100101b, 01001001b, 10010010b, 10111100b
06E8  2549F2BC          		.db 00100101b, 01001001b, 11110010b, 10111100b
06EC  25C9F3BC          		.db 00100101b, 11001001b, 11110011b, 10111100b
06F0  25CFF3BC          		.db 00100101b, 11001111b, 11110011b, 10111100b
06F4  3DCFF3BC          		.db 00111101b, 11001111b, 11110011b, 10111100b
06F8  254992A4          		.db 00100101b, 01001001b, 10010010b, 10100100b	
06FC                    btmLight0:
                        		
0700                    		.org $700
0700                    pixelData:
0700  07800740 07200710 		.db 7,0x80, 7,0x40, 7,0x20, 7,0x10, 7,0x08, 7,0x04, 7,0x02, 7,0x01
0708  07080704 07020701
0710  06800640 06200610 		.db 6,0x80, 6,0x40, 6,0x20, 6,0x10, 6,0x08, 6,0x04, 6,0x02, 6,0x01
0718  06080604 06020601
0720  05800540 05200510 		.db 5,0x80, 5,0x40, 5,0x20, 5,0x10, 5,0x08, 5,0x04, 5,0x02, 5,0x01
0728  05080504 05020501
0730  04800440 04200410 		.db 4,0x80, 4,0x40, 4,0x20, 4,0x10, 4,0x08, 4,0x04, 4,0x02, 4,0x01
0738  04080404 04020401
0740  03800340 03200310 		.db 3,0x80, 3,0x40, 3,0x20, 3,0x10, 3,0x08, 3,0x04, 3,0x02, 3,0x01
0748  03080304 03020301
0750  02800240 02200210 		.db 2,0x80, 2,0x40, 2,0x20, 2,0x10, 2,0x08, 2,0x04, 2,0x02, 2,0x01
0758  02080204 02020201
0760  01800140 01200110 		.db 1,0x80, 1,0x40, 1,0x20, 1,0x10, 1,0x08, 1,0x04, 1,0x02, 1,0x01
0768  01080104 01020101
0770  00800040 00200010 		.db 0,0x80, 0,0x40, 0,0x20, 0,0x10, 0,0x08, 0,0x04, 0,0x02, 0,0x01
0778  00080004 00020001
0780                    zero128b:
0780  00000000 00000000 		.ds 128, 0		  ;for out of screen
0788  00000000 00000000
0790  00000000 00000000
0798  00000000 00000000
07A0  00000000 00000000
07A8  00000000 00000000
07B0  00000000 00000000
07B8  00000000 00000000
07C0  00000000 00000000
07C8  00000000 00000000
07D0  00000000 00000000
07D8  00000000 00000000
07E0  00000000 00000000
07E8  00000000 00000000
07F0  00000000 00000000
07F8  00000000 00000000


                        		;RAM
                        		;.org 800
                        		;.org 900
                        		;.org a00 - blocked for multicart
                        		;.org b00 - blocked for multicart

0C00                    		.org $C00
0C00  29131F25 2A21192D chr0:	.db <btm0, <btm1, <btm2, <btm3, <btm4, <btm5, <btm6, <btm7, <btm8, <btm9
0C08  1B1D
0C0A  0E                chr_:	.db <btm_
0C0B  32                chrR:	.db <btmR
0C0C  17                chrE:	.db <btmE
0C0D  35                chrV:	.db <btmV ;5 zeros for space

0C0E  00000000 00       btm_:	.db 0,0,0,0,0
0C13  CC                btm1:	.db 11001100b
0C14  44                		.db 01000100b
0C15  44                		.db 01000100b
0C16  44                		.db 01000100b
0C17  EE                btmE:	.db 11101110b
0C18  88                		.db 10001000b
0C19  EE                btm6:	.db 11101110b
0C1A  88                		.db 10001000b
0C1B  EE                btm8:	.db 11101110b
0C1C  AA                		.db 10101010b
0C1D  EE                btm9:	.db 11101110b
0C1E  AA                		.db 10101010b
0C1F  EE                btm2:	.db 11101110b
0C20  22                		.db 00100010b
0C21  EE                btm5:	.db 11101110b
0C22  88                		.db 10001000b
0C23  EE                		.db 11101110b
0C24  22                		.db 00100010b
0C25  EE                btm3:	.db 11101110b
0C26  22                		.db 00100010b
0C27  66                		.db 01100110b
0C28  22                		.db 00100010b
0C29                    btmO:
0C29  EE                btm0:	.db 11101110b
0C2A  AA                btm4:	.db 10101010b
0C2B  AA                		.db 10101010b
0C2C  AA                		.db 10101010b
0C2D  EE                btm7:	.db 11101110b
0C2E  22                		.db 00100010b
0C2F  44                		.db 01000100b
0C30  44                		.db 01000100b
0C31  44                		.db 01000100b

0C32  EC                btmR:	.db 11101100b
0C33  AA                		.db 10101010b
0C34  EC                		.db 11101100b
0C35  CA                btmV:	.db 11001010b
0C36  AA                		.db 10101010b
0C37  AA                		.db 10101010b
0C38  AA                		.db 10101010b
0C39  44                		.db 01000100b

0C3A                    digitsPos:
0C3A  58595B5C 5D5E5F00 		.db <mBtmDigits,<mBtmDigits+1,<mBtmDigits+3,<mBtmDigits+4,<mBtmDigits+5,<mBtmDigits+6,<mBtmDigits+7, 0

0C42                    btmCarCenter:
0C42  C45C3A            		.db 196, 01011100b,00111010b
0C45  CCFC3F            		.db 204, 11111100b,00111111b
0C48  D40C3000          		.db 212, 00001100b,00110000b, 0
0C4C                    btmCarLeft:
0C4C  C47872            		.db 196, 01111000b,01110010b
0C4F  CCF87F            		.db 204, 11111000b,01111111b
0C52  D4087000          		.db 212, 00001000b,01110000b, 0
0C56                    btmCarRight:
0C56  C44E1E            		.db 196, 01001110b,00011110b
0C59  CCFE1F            		.db 204, 11111110b,00011111b
0C5C  D40E10            		.db 212, 00001110b,00010000b
0C5F                    btmCar:
0C5F  BC8001            		.db 188, 10000000b,00000001b
0C62  DCBFFD            		.db 220, 10111111b,11111101b
0C65  E4FFFF            		.db 228, 11111111b,11111111b
0C68  EC5FFA            		.db 236, 01011111b,11111010b
0C6B  F4EFF7            		.db 244, 11101111b,11110111b
0C6E  FC0FF000          		.db 252, 00001111b,11110000b, 0
                        			
0C72                    btmTopText:
                        		; SPEED LEFT  TIME
0C72  6CEEC08E E700755E 		.db 01101100b, 11101110b, 11000000b, 10001110b, 11100111b, 00000000b, 01110101b, 01011110b
0C7A  8A88A088 820025D8 		.db 10001010b, 10001000b, 10100000b, 10001000b, 10000010b, 00000000b, 00100101b, 11011000b
0C82  6ACCA08C C200255C 		.db 01101010b, 11001100b, 10100000b, 10001100b, 11000010b, 00000000b, 00100101b, 01011100b
0C8A  2C88A088 82002558 		.db 00101100b, 10001000b, 10100000b, 10001000b, 10000010b, 00000000b, 00100101b, 01011000b
0C92  C8EEC0EE 8200255E 		.db 11001000b, 11101110b, 11000000b, 11101110b, 10000010b, 00000000b, 00100101b, 01011110b

                        ; Decimal-point lookup/glyph use the original six-byte gap before $CA0.
0C9A  9B                chrDot:	.db <btmDot
0C9B  00000000 44       btmDot:	.db 0,0,0,0,01000100b

0CA0                    		.org $CA0
                        ; Add 60 seconds to LEFT without touching its fractional R6 phase.  TIME is
                        ; independent cumulative elapsed state, so a checkpoint award never modifies it.
0CA0                    addRoadTime:
                        		; Preserve the
                        		; original two-digit saturation behaviour for an exceptionally fast road.
0CA0  F8 4C             		ldi <mTimerSecHi
0CA2  A2                		plo rDataPointer
0CA3  02                		ldn rDataPointer
0CA4  FF 04             		smi 4
0CA6  33 AE             		bdf addRoadCap99
0CA8  FC 0A             		adi 10
0CAA  52                		str rDataPointer
0CAB  C0 06C6           		lbr finishRoadResume
0CAE                    addRoadCap99:
0CAE  F8 09             		ldi 9
0CB0  52                		str rDataPointer
0CB1  12                		inc rDataPointer
0CB2  52                		str rDataPointer
0CB3  C0 06C6           		lbr finishRoadResume

0CB6                    initTimer:
0CB6                    captureRoadStartTenth:
0CB6  86                		glo rLoTimer
0CB7  FA 3F             		ani $3F
0CB9  FC C0             		adi <phaseTenthTable
0CBB  A5                		plo r5Buf
0CBC  F8 0E             		ldi >phaseTenthTable
0CBE  B5                		phi r5Buf
0CBF  05                		ldn r5Buf
0CC0  12                		inc rDataPointer		; mRoadStartSeconds -> mRoadStartTenth
0CC1  52                		str rDataPointer
                        		; Do not refresh the HUD on the final countdown/light-clear frame.
                        		; The ordinary active-race HUD path updates LEFT/TIME on the next frame.
                        		; Keeping this transition to capture-only avoids the visible start flash.
0CC2  C0 02F9           		lbr waitVsync

0CDF                    		.org $CDF
0CDF                    roadsideBeepTick:
0CDF  98                		ghi rHiCarX
0CE0  FC 37             		adi ROAD_LIMIT
0CE2  FC 91             		adi 255-ROAD_LIMIT*2
0CE4  3B FD             		bnf roadsideBeepQuiet

0CE6  8D                		glo rBeepTimer
0CE7  32 F2             		bz roadsideBeepCadence
0CE9  FF 01             		smi 1
0CEB  AD                		plo rBeepTimer
0CEC  3A EF             		bnz roadsideBeepDone
0CEE  7A                		req
0CEF                    roadsideBeepDone:
0CEF  C0 0383           		lbr scanTurnKeyInput

0CF2                    roadsideBeepCadence:
0CF2  9D                		ghi rBeepTimer
0CF3  32 FA             		bz roadsideBeepTrigger
0CF5  FF 01             		smi 1
0CF7  BD                		phi rBeepTimer
0CF8  30 EF             		br roadsideBeepDone
0CFA                    roadsideBeepTrigger:
0CFA  C0 03E5           		lbr roadsideBeepStart
0CFD                    roadsideBeepQuiet:
0CFD  C0 03F7           		lbr roadsideBeepStop

0D00                    		.org $D00	

0D00                    marksWidthY:
                        		; 1 - pixel offset from center *2 ; 2 - modifier for pixelData table 65 41 17 1
0D00  10070018 17000024 m1: 	.db 16,7,00000,24,23,00000,00000,36,47,00000,00000,00000,52,79,56,87,00000,000000,68,111,72,119,76,127,000000,000000,000000,000000,96,167,100,175,104,183,108,191,112,199, 57, <m1, <m2
0D08  2F000000 344F3857
0D10  0000446F 48774C7F
0D18  00000000 60A764AF
0D20  68B76CBF 70C73900
0D28  29
0D29  10070018 17000000 m2: 	.db 16,7,00000,24,23,00000,00000,00000,40,55,00000,00000,00000,56,87,60,95,000000,000000,000000,76,127,80,135,84,143,000000,000000,000000,0000000,0,108,191,112,199,116,207,120,215, 41, <m2, <m3
0D31  28370000 0038573C
0D39  5F000000 4C7F5087
0D41  548F0000 0000006C
0D49  BF70C774 CF78D729
0D51  2953
0D53  10070000 1C1F0000 m3: 	.db 16,7,00000,00000,28,31,00000,00000,00000,44,63,00000,00000,00000,60,95,64,103,000000,000000,000000,000000,84,143,88,151,92,159,000000,0000000,0,0,0,0,120,215,124,223,128,231,132,239, 17, <m3, <m4
0D5B  002C3F00 00003C5F
0D63  40670000 0000548F
0D6B  58975C9F 00000000
0D73  000078D7 7CDF80E7
0D7B  84EF1153 80
0D80  1007140F 00002027 m4: 	.db 16,7,20,15,00000,00000,32,39,00000,00000,00000,48,71,00000,00000,00000,64,103,68,111,000000,000000,000000,000000,000000,92,159,96,167,0000000,0,0,0,0,0,0,0,132,239,136,247,140,255, 1, <m4, <m1
0D88  00000030 47000000
0D90  4067446F 00000000
0D98  005C9F60 A7000000
0DA0  00000000 0084EF88
0DA8  F78CFF01 8000


0DAE                    roadData1:
0DAE  0E5AB21D          		.db >btmMountains, <btmMountains, <startRoad1, <(finishRoad1-startRoad1)
0DB2                    startRoad1:
0DB2  00000000 0202FEFE 		.db 0, 0, 0, 0, 2, 2,-2,-2, 0, 0, 0, 2, 3, 2, 0,-3,-3, 0, 0, 0, 1, 1, 0, 2, 2, 0, 1, 0, 0
0DBA  00000002 030200FD
0DC2  FD000000 01010002
0DCA  02000100 00
0DCF                    finishRoad1:
0DCF  0000              		.db 0, 0

0DD1                    roadData2:
0DD1  0E00D51D          		.db >btmFudji, <btmFudji, <startRoad2, <(finishRoad2-startRoad2)
0DD5                    startRoad2:
0DD5  00000000 00000202 		.db 0, 0, 0, 0, 0, 0, 2, 2, 0, 3,-3, 0, 0, 2,-2, 1,-1, 0, 0,-2,-1, 0, 0, 1, 1, 2, 2, 0, 0
0DDD  0003FD00 0002FE01
0DE5  FF0000FE FF000001
0DED  01020200 00
0DF2                    finishRoad2:
0DF2  0000              		.db 0, 0
0DF4                    roadDataEnd:

0DF4                    		.org $DF4
0DF4                    gameLabel:
0DF4  669E8AF8 AE9CAA98 		.db $66,$9E,$8A,$F8,$AE,$9C,$AA,$98,$6A,$9E
0DFC  6A9E

0E00                    		.org $E00
0E00                    btmFudji:
0E00  04103444 23480241 		.db 0x04, 0x10, 0x34, 0x44, 0x23, 0x48, 0x02, 0x41
0E08  222148AA 54249190 		.db 0x22, 0x21, 0x48, 0xaa, 0x54, 0x24, 0x91, 0x90
0E10  F7529511 8882FBF9 		.db 0xf7, 0x52, 0x95, 0x11, 0x88, 0x82, 0xfb, 0xf9
0E18  7D8D2282 44C5FFFF 		.db 0x7d, 0x8d, 0x22, 0x82, 0x44, 0xc5, 0xff, 0xff
0E20  B8024044 22A8F79D 		.db 0xb8, 0x02, 0x40, 0x44, 0x22, 0xa8, 0xf7, 0x9d
0E28  10018010 1010E308 		.db 0x10, 0x01, 0x80, 0x10, 0x10, 0x10, 0xe3, 0x08
0E30  0002CD08 00004000 		.db 0x00, 0x02, 0xcd, 0x08, 0x00, 0x00, 0x40, 0x00
0E38  03EB0D00 05DE0600 		.db 0x03, 0xeb, 0x0d, 0x00, 0x05, 0xde, 0x06, 0x00
0E40  05FC0200 057C0300 		.db 0x05, 0xfc, 0x02, 0x00, 0x05, 0x7c, 0x03, 0x00
0E48  05F80100 05F80100 		.db 0x05, 0xf8, 0x01, 0x00, 0x05, 0xf8, 0x01, 0x00
0E50  05F00006 F00006F0 		.db 0x05, 0xf0, 0x00, 0x06, 0xf0, 0x00, 0x06, 0xf0
0E58  0003              		.db 0x00, 0x03
0E5A                    btmMountains:
0E5A  010006            		.db 0x01,0x00,0x06
0E5D  03000580          		.db 0x03,0x00,0x05,0x80
0E61  070005C0          		.db 0x07,0x00,0x05,0xC0
0E65  0F0005E0          		.db 0x0F,0x00,0x05,0xE0
0E69  1F0005F0          		.db 0x1F,0x00,0x05,0xF0
0E6D  3F000102 0002F8   		.db 0x3F,0x00,0x01,0x02,0x00,0x02,0xF8
0E74  7F00010F 0002FC   		.db 0x7F,0x00,0x01,0x0F,0x00,0x02,0xFC
0E7B  FF000080 3F000101 		.db 0xFF,0x00,0x00,0x80,0x3F,0x00,0x01,0x01,0xFE
0E83  FE
0E84  FF01C0FF 0000C003 		.db 0xFF,0x01,0xC0,0xFF,0x00,0x00,0xC0,0x03,0xF9
0E8C  F9
0E8D  FF03E0FF 03F087F0 		.db 0xFF,0x03,0xE0,0xFF,0x03,0xF0,0x87,0xF0
0E95  FF04F0FF 0FFC4BE0 		.db 0xFF,0x04,0xF0,0xFF,0x0F,0xFC,0x4B,0xE0
0E9D  3F08F8FF 37F331C0 		.db 0x3F,0x08,0xF8,0xFF,0x37,0xF3,0x31,0xC0
0EA5  0F10E4FF C1E00000 		.db 0x0F,0x10,0xE4,0xFF,0xC1,0xE0,0x00,0x00,0x80
0EAD  80
0EAE  0320827F 00004000 		.db 0x03,0x20,0x82,0x7F,0x00,0x00,0x40,0x00,0x02
0EB6  02
0EB7  40011E00 04       		.db 0x40,0x01,0x1E,0x00,0x04
0EBC  800005            		.db 0x80,0x00,0x05


0EC0                    		.org $EC0
0EC0                    phaseTenthTable:
0EC0  00000000 00000001 		.db 0,0,0,0,0,0,0,1,1,1,1,1,1,2,2,2
0EC8  01010101 01020202
0ED0  02020202 03030303 		.db 2,2,2,2,3,3,3,3,3,3,4,4,4,4,4,4
0ED8  03030404 04040404
0EE0  05050505 05050506 		.db 5,5,5,5,5,5,5,6,6,6,6,6,6,7,7,7
0EE8  06060606 06070707
0EF0  07070707 08080808 		.db 7,7,7,7,8,8,8,8,8,8,9,9,9,9,9,9
0EF8  08080909 09090909


0F00                    		.org $F00

0F00                    menuWaitVsync:					;wait 1861 interrupt
0F00  E1                		sex r1
0F01  70                		ret
0F02  21                		.db  $21
0F03  00                		idl
0F04  C4                		nop
0F05                    menuDisplayRefresh:
0F05  F8 3D             		ldi <btmCaption
0F07  A0                		plo r0
0F08  F8 0F             		ldi >btmCaption
0F0A  B0                		phi r0

0F0B  F8 1E             		ldi 30
0F0D  A3                		plo r3Buf
0F0E                    menuDisplayWait0:
0F0E  E2                		sex rDataPointer
0F0F  F8 3D             		ldi <btmCaption
0F11  A0                		plo r0
0F12  23                		dec r3Buf
0F13  83                		glo r3Buf
0F14  3A 0E             		bnz menuDisplayWait0

0F16                    menuDisplayWait1:
0F16  80                		glo r0
0F17  FF 85             		smi <(btmCaptionEnd-8)
0F19  3B 16             		bnf menuDisplayWait1

0F1B  F8 1E             		ldi 30
0F1D  A3                		plo r3Buf
0F1E                    menuDisplayWait2:
0F1E  E2                		sex rDataPointer
0F1F  F8 3D             		ldi <btmCaption
0F21  A0                		plo r0
0F22  23                		dec r3Buf
0F23  83                		glo r3Buf
0F24  3A 1E             		bnz menuDisplayWait2

0F26  F8 08             		ldi >RAM
0F28  B2                		phi rDataPointer
0F29  F8 39             		ldi <mData
0F2B  A2                		plo rDataPointer
0F2C  F8 0A             		ldi 10
0F2E                    menuReadAnyKey:
0F2E  FF 01             		smi 1
0F30  52                		str rDataPointer
0F31  62                		out 2
0F32  37 3A             		b4 menuExit
0F34  22                		dec rDataPointer
0F35  F0                		ldx
0F36  3A 2E             		bnz menuReadAnyKey


0F38  30 00             		br menuWaitVsync

0F3A                    menuExit:
0F3A  C0 02F9           		lbr waitVsync

0F3D                    btmCaption:
0F3D  00000000 00000000 		.db 0,0,0,0,0,0,0,0,0,0,0,0,0,0,0,0
0F45  00000000 00000000
0F4D  00F7D93C 1E79E780 		.db 0x00, 0xf7, 0xd9, 0x3c, 0x1e, 0x79, 0xe7, 0x80
0F55  0190D964 32CB2C80 		.db 0x01, 0x90, 0xd9, 0x64, 0x32, 0xcb, 0x2c, 0x80
0F5D  01919964 02D82D80 		.db 0x01, 0x91, 0x99, 0x64, 0x02, 0xd8, 0x2d, 0x80
0F65  01F30E7C 3EEBEE80 		.db 0x01, 0xf3, 0x0e, 0x7c, 0x3e, 0xeb, 0xee, 0x80
0F6D  01960664 30CB0C80 		.db 0x01, 0x96, 0x06, 0x64, 0x30, 0xcb, 0x0c, 0x80
0F75  01960665 30CB0C80 		.db 0x01, 0x96, 0x06, 0x65, 0x30, 0xcb, 0x0c, 0x80
0F7D  0197C665 3EFBEF80 		.db 0x01, 0x97, 0xc6, 0x65, 0x3e, 0xfb, 0xef, 0x80
0F85  00000002 00000000 		.db 0x00, 0x00, 0x00, 0x02, 0x00, 0x00, 0x00, 0x00
0F8D                    btmCaptionEnd:
0F8D  00000000 00000000 		.db 0,0,0,0,0,0,0,0,0,0,0,0,0,0,0,0
0F95  00000000 00000000

0F9D                    		.org $F9D
                        ; Core finish-line lap calculation.  Phase normalization is performed in the
                        ; small fixed-address helpers before entering here.
0F9D                    finishLapCore:
                        		; qFinish (0..9) from the canonical finish phase.
0F9D  F8 4A             		ldi <mRacePhase
0F9F  A2                		plo rDataPointer
0FA0  02                		ldn rDataPointer
0FA1  FA 3F             		ani $3F
0FA3  FC C0             		adi <phaseTenthTable
0FA5  A5                		plo r5Buf
0FA6  F8 0E             		ldi >phaseTenthTable
0FA8  B5                		phi r5Buf
0FA9  05                		ldn r5Buf
0FAA  B5                		phi r5Buf
0FAB  F8 50             		ldi <mLapTenth
0FAD  A2                		plo rDataPointer
0FAE  52                		str rDataPointer

                        		; Current hidden LEFT seconds, BCD -> binary 0..99, in mLapOnes temp.
0FAF  F8 4C             		ldi <mTimerSecHi
0FB1  A2                		plo rDataPointer
0FB2  E2                		sex rDataPointer
0FB3  02                		ldn rDataPointer
0FB4  FE                		shl
0FB5  FE                		shl
0FB6  FE                		shl
0FB7  F4                		add
0FB8  F4                		add
0FB9  12                		inc rDataPointer
0FBA  F4                		add
0FBB  F8 4F             		ldi <mLapOnes
0FBD  A2                		plo rDataPointer
0FBE  52                		str rDataPointer

                        		; whole = roadStartSeconds - currentSeconds
0FBF  F8 08             		ldi >RAM
0FC1  B4                		phi r4buf
0FC2  F8 2B             		ldi <mRoadStartSeconds
0FC4  A4                		plo r4buf
0FC5  E2                		sex rDataPointer
0FC6  04                		ldn r4buf
0FC7  F7                		sm
0FC8  A4                		plo r4buf

                        		; tenth = qFinish - qStart.  Borrow one whole second when negative.
0FC9  F8 2C             		ldi <mRoadStartTenth
0FCB  A2                		plo rDataPointer
0FCC  E2                		sex rDataPointer
0FCD  95                		ghi r5Buf
0FCE  F7                		sm
0FCF  33 DA             		bdf finishLapTenthReady
0FD1  FC 0A             		adi 10
0FD3  B5                		phi r5Buf
0FD4  84                		glo r4buf
0FD5  FF 01             		smi 1
0FD7  A4                		plo r4buf
0FD8  30 DB             		br finishLapSplit
0FDA                    finishLapTenthReady:
0FDA  B5                		phi r5Buf

0FDB                    finishLapSplit:
                        		; Preserve the completed road number in R4.1; R2 still points at
                        		; mRoadStartTenth, so the adjacent road-number cell costs only 3 bytes.
0FDB  12                		inc rDataPointer
0FDC  02                		ldn rDataPointer
0FDD  B4                		phi r4buf

                        		; Binary whole seconds -> decimal tens/ones.
0FDE  F8 00             		ldi 0
0FE0  BF                		phi rGlobalState
0FE1                    finishLapDiv10:
0FE1  84                		glo r4buf
0FE2  FF 0A             		smi 10
0FE4  3B ED             		bnf finishLapDivDone
0FE6  A4                		plo r4buf
0FE7  9F                		ghi rGlobalState
0FE8  FC 01             		adi 1
0FEA  BF                		phi rGlobalState
0FEB  30 E1             		br finishLapDiv10
0FED                    finishLapDivDone:
0FED  FC 0A             		adi 10
0FEF  F8 4F             		ldi <mLapOnes
0FF1  A2                		plo rDataPointer
0FF2  52                		str rDataPointer
0FF3  22                		dec rDataPointer
0FF4  9F                		ghi rGlobalState
0FF5  52                		str rDataPointer
0FF6  12                		inc rDataPointer
0FF7  12                		inc rDataPointer
0FF8  12                		inc rDataPointer
0FF9  95                		ghi r5Buf
0FFA  52                		str rDataPointer
0FFB  C0 00EA           		lbr showLapHud

0FFF                    		.org 0xfff
0FFF  FF                		.db 0xff
1000                    		.end

00000 Total Error(s)

ADDROADCAP99       0CAE    ADDROADTIME        0CA0    ADVANCEROADNUMBER  03A6
BANDTABLE          0425    BTM0               0C29    BTM1               0C13
BTM2               0C1F    BTM3               0C25    BTM4               0C2A
BTM5               0C21    BTM6               0C19    BTM7               0C2D
BTM8               0C1B    BTM9               0C1D    BTMCAPTION         0F3D
BTMCAPTIONEND      0F8D    BTMCAR             0C5F    BTMCARCENTER       0C42
BTMCARLEFT         0C4C    BTMCARRIGHT        0C56    BTMDOT             0C9B
BTME               0C17    BTMFUDJI           0E00    BTMLIGHT0          06FC
BTMLIGHTBOTTOM     06D4    BTMLIGHTTOP        06CC    BTMMOUNTAINS       0E5A
BTMO               0C29    BTMR               0C32    BTMTOPTEXT         0C72
BTMV               0C35    BTM_               0C0E    CALCROAD           0538
CALCROADEND        0580    CALCROADEXIT       057C    CALCROADLOOP       0553
CALCROADORSHIFTHORIZON                        0500    
CAPTUREROADSTARTSECONDS                       05E6    
CAPTUREROADSTARTTENTH                         0CB6    CAR_X_LIMIT        003F E
CHANGESPEEDEND     0189    CHECKGLOBALSTATE   0361    CHECKTURN          015D
CHR0               0C00    CHRDOT             0C9A    CHRE               0C0C
CHRR               0C0B    CHRV               0C0D    CHR_               0C0A
CIBAND             040F    CICELL             0414    CLEARLIGHT         0661
CLEARPERSPECTIVEY  054C    CLEARRAM           010C    CLEARRAMLOOP       010E
CLEARROAD          0200    CLEARROADLOOP      0204    
CLEARROADSKIPZEROLOOP                         0201    COLOURINIT         0400
COUNTDOWNBEEPHIGH  03D4    COUNTDOWNBEEPOUT   03DC    COUNTDOWNBEEPSTART 03BC
COUNTDOWNBEEPSTARTDONE                        03E0    COUNTDOWNBEEPTICK  03B0
COUNTDOWNBEEPTICKDONE                         03B9    
COUNTDOWNPHASEEXTERNAL                        01D3    
COUNTDOWNPHASEEXTERNALCAPTURE                 01E5    
COUNTDOWNPHASEEXTERNALWAIT                    01E8    
COUNTDOWNPHASERESTORE                         0450    COUNTDOWNTONEB4    03E3
COUNTDOWNTONEB5    03E4    DECREMENTLEFTBORROW                           009C
DECREMENTLEFTLOW   00A6    DECREMENTLEFTRETURN                           0195
DECREMENTLEFTSECOND                           008C    DECRKEY            039C
DECSPEED           016A    DECSPEEDCOUNTER    036B    DECSPEEDNEXT       016F
DEC_SPEED_ROADSIDE 0004 E  DIGITSPOS          0C3A    DISPLAYREFRESH     0300
DISPLAYTEST        0356    DISPLAYTEST2       0358    DISPLAYWAIT0       0306
DISPLAYWAIT1       032A    DISPLAYWAIT2       0335    DISPLAYWAIT3       033E
DISPLAYWAIT4       0346    DISPLAYWAIT5       0351    DISPLAYWAIT6       0359
DRAWCAR            02BA    DRAWCARCENTER      02CC    DRAWCARLEFT        02CE
DRAWCARLOOP        02DE    DRAWCARRIGHT       02DC    DRAWCARTOPLOOP     02D0
DRAWD              022A    DRAWFINISHLINE     0295    DRAWFINISHLINELOOP 02A4
DRAWFINISHONELINE  02AC    DRAWI              0257    DRAWIFMARKD        0239
DRAWIFMARKI        0262    DRAWLIGHT          068D    DRAWLIGHTBOTTOM    06A5
DRAWLIGHTEND       06AE    DRAWLOOPD          0232    DRAWLOOPI          025B
DRAWPREVIOUS       021C    DRAWROAD           01F9    DRAWROADEND        027E
DRAWSPEEDANDTIMER  0195    DRAWSPEEDANDTIMERRESUME                       0198
DRAWSTRING         019B    DRAWSTRINGMAINLOOP 01A2    DRAWTWOCHARSLOOP   01AB
ELAPSEDBASELINEANDDRAWSPEED                   01C2    ELAPSEDLIGHTTICK   0461
FINAL_BEEP_FRAMES  000C E  FINISHLAPCAPTURE   0453    FINISHLAPCORE      0F9D
FINISHLAPDIV10     0FE1    FINISHLAPDIVDONE   0FED    
FINISHLAPNORMALIZEBORROW                      0650    
FINISHLAPNORMALIZEBOUNDARY                    01EB    
FINISHLAPNORMALIZELOW                         05F9    FINISHLAPSPLIT     0FDB
FINISHLAPTENTHREADY                           0FDA    FINISHROAD         06B5
FINISHROAD1        0DCF    FINISHROAD2        0DF2    FINISHROADNEXT     06C3
FINISHROADPHASEMINUSONE                       0440    
FINISHROADPHASERETURN                         06B8    
FINISHROADPHASESAVE                           0430    
FINISHROADPHASESTORE                          0443    FINISHROADRESUME   06C6
FIXTIMER           0318    FORMATLEFTBORROW   0052    FORMATLEFTHUD      0030
FORMATLEFTHUDRETURN                           01CA    FORMATLEFTSTORE    0068
FORMATLEFTWHOLE    005E    FORMATLEFTWHOLESAFE                           04B8
FORMATLEFTWHOLESTORE                          04C7    GAMELABEL          0DF4
GAMEOVER           060E    GLOBALSTATECOUNTDOWN                          0669
GLOBALSTATECOUNTDOWNDRAW                      067D    
GLOBALSTATECOUNTDOWNEND                       06B2    
GLOBALSTATECOUNTDOWNTIMER                     0671    INCCARX            0520
INCPERSPECTIVEY    054F    INCREMENTELAPSEDDIGIT                         0076
INCREMENTELAPSEDSECOND                        0073    
INCREMENTELAPSEDSTORE                         0083    INCRKEY            039A
INCSPEED           017A    INCSPEEDCOUNTER    0374    INCSPEEDLOOP       0182
INCSTORES          05D9    INCTIMER           0319    INITELAPSEDTOP     05E6
INITHUDDATA        00AC    INITHUDDATALOOP    00D2    INITHUDTEXTRETURN  0118
INITIALHUDCHARS    00DC    INITTIMER          0CB6    INITTOPINFO        0645
INITTOPINFOREST    0650    LESSCALLEDATHIGHERSPEED                       0375
LIGHT_POSITION_Y   0065 E  LOADHORIZON        061E    LOADHORIZONLOOP    062C
LOOP               0593    M1                 0D00    M2                 0D29
M3                 0D53    M4                 0D80    MAIN               0361
MARKSWIDTHY        0D00    MAX_SEGMENT_Y      001B E  MAX_SPEED          0017 E
MAX_SPEED_ROADSIDE 000B E  MBTMDIGITS         0858 E  MBTMHORIZONEND     08FF E
MBTMHORIZONSTART   0880 E  MDATA              0039 E  MELAPSEDBLANK      0042 E
MELAPSEDDOT        0046 E  MELAPSEDFRAC       0048 E  MELAPSEDHIDDENHI   0028 E
MELAPSEDHIDDENLOW  002A E  MELAPSEDHIDDENMID  0029 E  MELAPSEDSECHI      0043 E
MELAPSEDSECLOW     0045 E  MELAPSEDSECMID     0044 E  MELAPSEDTENTH      0047 E
MENUDISPLAYREFRESH 0F05    MENUDISPLAYWAIT0   0F0E    MENUDISPLAYWAIT1   0F16
MENUDISPLAYWAIT2   0F1E    MENUEXIT           0F3A    MENUREADANYKEY     0F2E
MENUWAITVSYNC      0F00    MLAPONES           004F E  MLAPTENS           004E E
MLAPTENTH          0050 E  MLEFTDOT           0040 E  MLEFTHI            003E E
MLEFTLOW           003F E  MLEFTTENTH         0041 E  
MORECALLEDATHIGHERSPEED                       0378    MPERSPECTIVEY      0035 E
MRACEPHASE         004A E  MRACEPHASEVALID    004B E  MROADNUMBER        002D E
MROADSIZE          0033 E  MROADSTARTADR      0034 E  MROADSTARTSECONDS  002B E
MROADSTARTTENTH    002C E  MSPEEDHI           003A E  MSPEEDLO           003C E
MSPEEDSPACE        003D E  MTIMERSECHI        004C E  MTIMERSECLOW       004D E
MTOPTEXT           0800 E  NOKEY              0394    NONEEDDECSPEED     0168
NOTBREAK           013A    NOTZERO            063B    PHASETENTHTABLE    0EC0
PIXELDATA          0700    PREPARELEVELSTEP   0612    R0                 0000 E
R1                 0001 E  R14H_PIXELDATA     0003 E  R15H_PIXELDATA     0004 E
R2                 0002 E  R3                 0003 E  R3BUF              0003 E
R4                 0004 E  R4BUF              0004 E  R5                 0005 E
R5BUF              0005 E  R6                 0006 E  R7                 0007 E
R8                 0008 E  R9                 0009 E  RA                 000A E
RAM                0800 E  RAMSTACK           08BF E  RB                 000B E
RBEEPTIMER         000D E  RC                 000C E  RD                 000D E
RDATAPOINTER       0002 E  RE                 000E E  RESET              0000
RESETSPEEDCOUNTER  036E    RESETSTAGESTATE    0491    RF                 000F E
RGLOBALSTATE       000F E  RHICARX            0008 E  RHICOUNTER         0006 E
RHIDELTAX          0009 E  RHISPEED           000C E  RLODXCORR          0009 E
RLOSPEEDCOUNTER    000C E  RLOTIMER           0006 E  RLOWHEEL           0008 E
RMARKSWIDTHY       000B E  ROADDATA1          0DAE    ROADDATA2          0DD1
ROADDATAEND        0DF4    ROADSIDEBEEPCADENCE                           0CF2
ROADSIDEBEEPDONE   0CEF    ROADSIDEBEEPQUIET  0CFD    ROADSIDEBEEPSTART  03E5
ROADSIDEBEEPSTOP   03F7    ROADSIDEBEEPTICK   0CDF    
ROADSIDEBEEPTRIGGER                           0CFA    
ROAD_BEEP_GAP_TICKS                           0006 E  ROAD_BEEP_TICKS    0001 E
ROAD_LIMIT         0037 E  RROADSECTORADR     000A E  RROWADR            0005 E
RSCREENYADR        0007 E  RTONEPOINTER       000E E  SAVENEWCARX        0531
SCANACCELKEY       0130    SCANTURNKEY        0380    SCANTURNKEYEND     039F
SCANTURNKEYINPUT   0383    SELECTGLOBALSTATE  0600    SETGAMEOVERHUD     0464
SETGAMEOVERLABELS  04A2    SHIFTHORIZON       0583    SHIFTHORIZONEND    05D9
SHIFTLEFTHORIZON   058B    SHIFTLEFTHORIZONLOOP                          0591
SHIFTRIGHTHORIZON  05AD    SHIFTRIGHTHORIZONLOOP                         05B2
SHOWLAPHUD         00EA    SHOWLAPHUDSAFE     04CA    SKIPDECCARX        0522
SPEED_SKID_START   0007 E  START              0100    STARTRACE          065C
STARTRACEPHASECAPTURE                         01CF    STARTROAD1         0DB2
STARTROAD2         0DD5    START_BEEP_FRAMES  0006 E  
START_PERSPECTIVE_Y                           0011 E  STORECARX          0523
STOREZEROS         0634    SYNCACTIVEHUD      0467    TIMER_START_HI     0006 E
TIMER_START_LO     0005 E  TONE_B4            00E1 E  TONE_B5            0070 E
UPDATECARX         0500    UPDATEDELTAXANDDXCORR                         021E
UPDATEPERSPECTIVEY 0547    UPDATESPEED        0365    UPDATETIMER        0312
UPDATETIMERBTM     0189    UPDATETIMERBTMEND  0195    VIDEOINT           0014
WAITVSYNC          02F9    WHEEL_LIMIT        0008 E  
WHEEL_LIMIT_SPEEDUP                           0004 E  ZERO128B           0780
_LOOP              0021    _RETURN            0012
